sample_idx,real,closest,TP,FP,precision,recall
59,1,2,0,1,0.0,0.0
60,2,4,0,2,0.0,0.0
101,2,4,0,3,0.0,0.0
91,2,2,0,4,0.0,0.0
21,1,1,0,5,0.0,0.0
643,7,2,1,5,0.16666666666666666,0.0014992503748125937
763,7,2,2,5,0.2857142857142857,0.0029985007496251873
43,1,1,2,6,0.25,0.0029985007496251873
129,1,1,2,7,0.2222222222222222,0.0029985007496251873
109,1,1,2,8,0.2,0.0029985007496251873
131,1,1,2,9,0.18181818181818182,0.0029985007496251873
1104,7,2,3,9,0.25,0.004497751124437781
702,7,2,4,9,0.3076923076923077,0.005997001499250375
929,7,2,5,9,0.35714285714285715,0.0074962518740629685
500,1,1,5,10,0.3333333333333333,0.0074962518740629685
632,7,2,6,10,0.375,0.008995502248875561
89,2,2,6,11,0.35294117647058826,0.008995502248875561
669,7,2,7,11,0.3888888888888889,0.010494752623688156
127,1,1,7,12,0.3684210526315789,0.010494752623688156
130,1,1,7,13,0.35,0.010494752623688156
636,7,2,8,13,0.38095238095238093,0.01199400299850075
87,2,2,8,14,0.36363636363636365,0.01199400299850075
531,7,2,9,14,0.391304347826087,0.013493253373313344
800,7,2,10,14,0.4166666666666667,0.014992503748125937
1067,7,2,11,14,0.44,0.01649175412293853
618,7,2,12,14,0.46153846153846156,0.017991004497751123
923,7,2,13,14,0.48148148148148145,0.019490254872563718
106,1,1,13,15,0.4642857142857143,0.019490254872563718
152,1,1,13,16,0.4482758620689655,0.019490254872563718
155,1,1,13,17,0.43333333333333335,0.019490254872563718
181,1,1,13,18,0.41935483870967744,0.019490254872563718
192,1,1,13,19,0.40625,0.019490254872563718
108,1,1,13,20,0.3939393939393939,0.019490254872563718
543,7,2,14,20,0.4117647058823529,0.020989505247376312
1092,7,2,15,20,0.42857142857142855,0.022488755622188907
33,1,1,15,21,0.4166666666666667,0.022488755622188907
612,7,2,16,21,0.43243243243243246,0.0239880059970015
760,7,2,17,21,0.4473684210526316,0.025487256371814093
1015,7,2,18,21,0.46153846153846156,0.026986506746626688
752,7,2,19,21,0.475,0.02848575712143928
1160,7,2,20,21,0.4878048780487805,0.029985007496251874
571,7,2,21,21,0.5,0.031484257871064465
616,7,2,22,21,0.5116279069767442,0.03298350824587706
866,7,2,23,21,0.5227272727272727,0.034482758620689655
942,7,2,24,21,0.5333333333333333,0.035982008995502246
982,7,2,25,21,0.5434782608695652,0.037481259370314844
1013,7,2,26,21,0.5531914893617021,0.038980509745127435
1079,7,2,27,21,0.5625,0.04047976011994003
1173,7,2,28,21,0.5714285714285714,0.041979010494752625
1179,7,2,29,21,0.58,0.043478260869565216
184,1,1,29,22,0.5686274509803921,0.043478260869565216
186,1,1,29,23,0.5576923076923077,0.043478260869565216
940,7,2,30,23,0.5660377358490566,0.044977511244377814
132,1,1,30,24,0.5555555555555556,0.044977511244377814
852,7,2,31,24,0.5636363636363636,0.046476761619190406
45,1,1,31,25,0.5535714285714286,0.046476761619190406
150,1,1,31,26,0.543859649122807,0.046476761619190406
484,1,1,31,27,0.5344827586206896,0.046476761619190406
112,1,1,31,28,0.5254237288135594,0.046476761619190406
761,7,2,32,28,0.5333333333333333,0.047976011994003
739,7,2,33,28,0.5409836065573771,0.049475262368815595
841,7,2,34,28,0.5483870967741935,0.050974512743628186
1039,7,2,35,28,0.5555555555555556,0.05247376311844078
783,7,2,36,28,0.5625,0.053973013493253376
671,7,2,37,28,0.5692307692307692,0.05547226386806597
851,7,2,38,28,0.5757575757575758,0.05697151424287856
1134,7,2,39,28,0.582089552238806,0.05847076461769116
1083,7,2,40,28,0.5882352941176471,0.05997001499250375
976,7,2,41,28,0.5942028985507246,0.06146926536731634
1103,7,2,42,28,0.6,0.06296851574212893
1019,7,2,43,28,0.6056338028169014,0.06446776611694154
1045,7,2,44,28,0.6111111111111112,0.06596701649175413
1126,7,2,45,28,0.6164383561643836,0.06746626686656672
576,7,2,46,28,0.6216216216216216,0.06896551724137931
603,7,2,47,28,0.6266666666666667,0.0704647676161919
650,7,2,48,28,0.631578947368421,0.07196401799100449
679,7,2,49,28,0.6363636363636364,0.0734632683658171
756,7,2,50,28,0.6410256410256411,0.07496251874062969
854,7,2,51,28,0.6455696202531646,0.07646176911544228
855,7,2,52,28,0.65,0.07796101949025487
893,7,2,53,28,0.654320987654321,0.07946026986506746
898,7,2,54,28,0.6585365853658537,0.08095952023988005
1124,7,2,55,28,0.6626506024096386,0.08245877061469266
1123,7,2,56,28,0.6666666666666666,0.08395802098950525
114,1,2,56,29,0.6588235294117647,0.08395802098950525
533,7,2,57,29,0.6627906976744186,0.08545727136431784
590,7,2,58,29,0.6666666666666666,0.08695652173913043
600,7,2,59,29,0.6704545454545454,0.08845577211394302
602,7,2,60,29,0.6741573033707865,0.08995502248875563
688,7,2,61,29,0.6777777777777778,0.09145427286356822
826,7,2,62,29,0.6813186813186813,0.09295352323838081
860,7,2,63,29,0.6847826086956522,0.0944527736131934
906,7,2,64,29,0.6881720430107527,0.095952023988006
927,7,2,65,29,0.6914893617021277,0.09745127436281859
970,7,2,66,29,0.6947368421052632,0.09895052473763119
1057,7,2,67,29,0.6979166666666666,0.10044977511244378
1109,7,2,68,29,0.7010309278350515,0.10194902548725637
1117,7,2,69,29,0.7040816326530612,0.10344827586206896
1137,7,2,70,29,0.7070707070707071,0.10494752623688156
1150,7,2,71,29,0.71,0.10644677661169415
1188,7,2,72,29,0.7128712871287128,0.10794602698650675
816,7,2,73,29,0.7156862745098039,0.10944527736131934
677,7,2,74,29,0.7184466019417476,0.11094452773613193
727,7,2,75,29,0.7211538461538461,0.11244377811094453
731,7,2,76,29,0.7238095238095238,0.11394302848575712
775,7,2,77,29,0.7264150943396226,0.11544227886056972
1157,7,2,78,29,0.7289719626168224,0.11694152923538231
266,1,1,78,30,0.7222222222222222,0.11694152923538231
96,2,2,78,31,0.7155963302752294,0.11694152923538231
983,7,2,79,31,0.7181818181818181,0.1184407796101949
1060,7,2,80,31,0.7207207207207207,0.1199400299850075
623,7,2,81,31,0.7232142857142857,0.12143928035982009
730,7,2,82,31,0.7256637168141593,0.12293853073463268
586,7,2,83,31,0.7280701754385965,0.12443778110944528
908,7,2,84,31,0.7304347826086957,0.12593703148425786
753,7,2,85,31,0.7327586206896551,0.12743628185907047
1080,7,2,86,31,0.7350427350427351,0.12893553223388307
1111,7,2,87,31,0.7372881355932204,0.13043478260869565
700,7,2,88,31,0.7394957983193278,0.13193403298350825
577,7,2,89,31,0.7416666666666667,0.13343328335832083
936,7,2,90,31,0.743801652892562,0.13493253373313344
864,7,2,91,31,0.7459016393442623,0.136431784107946
921,7,2,92,31,0.7479674796747967,0.13793103448275862
621,7,2,93,31,0.75,0.13943028485757122
641,7,2,94,31,0.752,0.1409295352323838
564,7,2,95,31,0.753968253968254,0.1424287856071964
1132,7,2,96,31,0.7559055118110236,0.14392803598200898
1169,7,2,97,31,0.7578125,0.1454272863568216
656,7,2,98,31,0.7596899224806202,0.1469265367316342
685,7,2,99,31,0.7615384615384615,0.14842578710644677
774,7,2,100,31,0.7633587786259542,0.14992503748125938
844,7,2,101,31,0.7651515151515151,0.15142428785607195
962,7,2,102,31,0.7669172932330827,0.15292353823088456
1084,7,2,103,31,0.7686567164179104,0.15442278860569716
759,7,2,104,31,0.7703703703703704,0.15592203898050974
193,1,1,104,32,0.7647058823529411,0.15592203898050974
944,7,2,105,32,0.7664233576642335,0.15742128935532235
545,7,2,106,32,0.7681159420289855,0.15892053973013492
799,7,2,107,32,0.7697841726618705,0.16041979010494753
968,7,2,108,32,0.7714285714285715,0.1619190404797601
667,7,2,109,32,0.7730496453900709,0.1634182908545727
565,7,2,110,32,0.7746478873239436,0.16491754122938532
698,7,2,111,32,0.7762237762237763,0.1664167916041979
707,7,2,112,32,0.7777777777777778,0.1679160419790105
829,7,2,113,32,0.7793103448275862,0.16941529235382308
867,7,2,114,32,0.7808219178082192,0.17091454272863568
887,7,2,115,32,0.782312925170068,0.1724137931034483
932,7,2,116,32,0.7837837837837838,0.17391304347826086
1145,7,2,117,32,0.785234899328859,0.17541229385307347
622,7,2,118,32,0.7866666666666666,0.17691154422788605
924,7,2,119,32,0.7880794701986755,0.17841079460269865
528,1,1,119,33,0.7828947368421053,0.17841079460269865
18,2,2,119,34,0.7777777777777778,0.17841079460269865
1087,7,2,120,34,0.7792207792207793,0.17991004497751126
1106,7,0,121,34,0.7806451612903226,0.18140929535232383
100,1,1,121,35,0.7756410256410257,0.18140929535232383
560,7,2,122,35,0.7770700636942676,0.18290854572713644
638,7,2,123,35,0.7784810126582279,0.18440779610194902
1184,7,2,124,35,0.779874213836478,0.18590704647676162
187,1,1,124,36,0.775,0.18590704647676162
959,7,2,125,36,0.7763975155279503,0.1874062968515742
1081,7,2,126,36,0.7777777777777778,0.1889055472263868
971,7,2,127,36,0.7791411042944786,0.1904047976011994
795,7,2,128,36,0.7804878048780488,0.191904047976012
659,7,2,129,36,0.7818181818181819,0.1934032983508246
768,7,2,130,36,0.7831325301204819,0.19490254872563717
1193,7,2,131,36,0.7844311377245509,0.19640179910044978
63,2,5,131,37,0.7797619047619048,0.19640179910044978
823,7,2,132,37,0.7810650887573964,0.19790104947526238
997,7,2,133,37,0.7823529411764706,0.19940029985007496
1097,7,2,134,37,0.783625730994152,0.20089955022488756
967,7,2,135,37,0.7848837209302325,0.20239880059970014
765,7,2,136,37,0.7861271676300579,0.20389805097451275
988,7,2,137,37,0.7873563218390804,0.20539730134932535
1167,7,2,138,37,0.7885714285714286,0.20689655172413793
546,7,2,139,37,0.7897727272727273,0.20839580209895053
805,7,2,140,37,0.7909604519774012,0.2098950524737631
974,7,2,141,37,0.7921348314606742,0.21139430284857572
1074,7,2,142,37,0.7932960893854749,0.2128935532233883
614,7,2,143,37,0.7944444444444444,0.2143928035982009
995,7,2,144,37,0.7955801104972375,0.2158920539730135
1044,7,0,145,37,0.7967032967032966,0.21739130434782608
1194,7,2,146,37,0.7978142076502732,0.21889055472263869
591,7,2,147,37,0.7989130434782609,0.22038980509745126
806,7,2,148,37,0.8,0.22188905547226387
807,7,2,149,37,0.8010752688172043,0.22338830584707647
919,7,2,150,37,0.8021390374331551,0.22488755622188905
113,1,1,150,38,0.7978723404255319,0.22488755622188905
599,7,0,151,38,0.798941798941799,0.22638680659670166
682,7,0,152,38,0.8,0.22788605697151423
690,7,0,153,38,0.8010471204188482,0.22938530734632684
712,7,0,154,38,0.8020833333333334,0.23088455772113944
849,7,0,155,38,0.8031088082901554,0.23238380809595202
856,7,0,156,38,0.8041237113402062,0.23388305847076463
869,7,0,157,38,0.8051282051282052,0.2353823088455772
884,7,0,158,38,0.8061224489795918,0.2368815592203898
886,7,0,159,38,0.8071065989847716,0.2383808095952024
996,7,0,160,38,0.8080808080808081,0.239880059970015
1003,7,0,161,38,0.8090452261306532,0.2413793103448276
1136,7,0,162,38,0.81,0.24287856071964017
1142,7,0,163,38,0.8109452736318408,0.24437781109445278
1159,7,0,164,38,0.8118811881188119,0.24587706146926536
741,7,2,165,38,0.812807881773399,0.24737631184407796
1028,7,5,166,38,0.8137254901960784,0.24887556221889057
1176,7,2,167,38,0.8146341463414634,0.25037481259370314
609,7,2,168,38,0.8155339805825242,0.2518740629685157
673,7,2,169,38,0.8164251207729468,0.25337331334332835
691,7,2,170,38,0.8173076923076923,0.25487256371814093
536,7,2,171,38,0.8181818181818182,0.2563718140929535
778,7,2,172,38,0.819047619047619,0.25787106446776614
868,7,2,173,38,0.8199052132701422,0.2593703148425787
1105,7,2,174,38,0.8207547169811321,0.2608695652173913
1180,7,2,175,38,0.8215962441314554,0.2623688155922039
916,7,2,176,38,0.822429906542056,0.2638680659670165
1033,7,2,177,38,0.8232558139534883,0.2653673163418291
946,7,1,178,38,0.8240740740740741,0.26686656671664166
699,7,2,179,38,0.8248847926267281,0.2683658170914543
808,7,2,180,38,0.8256880733944955,0.2698650674662669
813,7,2,181,38,0.8264840182648402,0.27136431784107945
989,7,2,182,38,0.8272727272727273,0.272863568215892
153,1,1,182,39,0.8235294117647058,0.272863568215892
587,7,2,183,39,0.8243243243243243,0.27436281859070466
833,7,0,184,39,0.8251121076233184,0.27586206896551724
615,7,2,185,39,0.8258928571428571,0.2773613193403298
625,7,2,186,39,0.8266666666666667,0.27886056971514245
817,7,2,187,39,0.827433628318584,0.280359820089955
853,7,2,188,39,0.8281938325991189,0.2818590704647676
877,7,2,189,39,0.8289473684210527,0.28335832083958024
900,7,2,190,39,0.8296943231441049,0.2848575712143928
746,7,2,191,39,0.8304347826086956,0.2863568215892054
999,7,2,192,39,0.8311688311688312,0.28785607196401797
1146,7,2,193,39,0.8318965517241379,0.2893553223388306
1172,7,2,194,39,0.8326180257510729,0.2908545727136432
653,7,2,195,39,0.8333333333333334,0.29235382308845576
16,1,1,195,40,0.8297872340425532,0.29235382308845576
675,7,2,196,40,0.8305084745762712,0.2938530734632684
1149,7,2,197,40,0.8312236286919831,0.29535232383808097
742,7,2,198,40,0.8319327731092437,0.29685157421289354
975,7,2,199,40,0.8326359832635983,0.2983508245877061
1151,7,2,200,40,0.8333333333333334,0.29985007496251875
90,1,1,200,41,0.8298755186721992,0.29985007496251875
544,7,2,201,41,0.8305785123966942,0.30134932533733133
905,7,2,202,41,0.831275720164609,0.3028485757121439
1190,7,4,203,41,0.8319672131147541,0.30434782608695654
583,7,2,204,41,0.8326530612244898,0.3058470764617691
640,7,2,205,41,0.8333333333333334,0.3073463268365817
695,7,2,206,41,0.8340080971659919,0.30884557721139433
838,7,2,207,41,0.8346774193548387,0.3103448275862069
1082,7,2,208,41,0.8353413654618473,0.3118440779610195
1059,7,2,209,41,0.836,0.31334332833583206
624,7,2,210,41,0.8366533864541833,0.3148425787106447
568,7,5,211,41,0.8373015873015873,0.31634182908545727
648,7,2,212,41,0.8379446640316206,0.31784107946026985
579,7,2,213,41,0.8385826771653543,0.3193403298350825
1174,7,2,214,41,0.8392156862745098,0.32083958020989506
185,1,1,214,42,0.8359375,0.32083958020989506
243,1,1,214,43,0.8326848249027238,0.32083958020989506
582,7,2,215,43,0.8333333333333334,0.32233883058470764
1066,7,2,216,43,0.833976833976834,0.3238380809595202
735,7,2,217,43,0.8346153846153846,0.32533733133433285
745,7,2,218,43,0.8352490421455939,0.3268365817091454
876,7,2,219,43,0.8358778625954199,0.328335832083958
949,7,2,220,43,0.8365019011406845,0.32983508245877063
1122,7,2,221,43,0.8371212121212122,0.3313343328335832
128,1,1,221,44,0.8339622641509434,0.3313343328335832
770,7,0,222,44,0.8345864661654135,0.3328335832083958
589,7,2,223,44,0.8352059925093633,0.3343328335832084
639,7,2,224,44,0.835820895522388,0.335832083958021
809,7,2,225,44,0.8364312267657993,0.3373313343328336
827,7,2,226,44,0.837037037037037,0.33883058470764615
1030,7,2,227,44,0.8376383763837638,0.3403298350824588
1102,7,2,228,44,0.8382352941176471,0.34182908545727136
1152,7,2,229,44,0.8388278388278388,0.34332833583208394
1166,7,2,230,44,0.8394160583941606,0.3448275862068966
845,7,2,231,44,0.84,0.34632683658170915
1120,7,2,232,44,0.8405797101449275,0.34782608695652173
1077,7,2,233,44,0.8411552346570397,0.3493253373313343
1089,7,2,234,44,0.841726618705036,0.35082458770614694
1158,7,2,235,44,0.8422939068100358,0.3523238380809595
541,7,2,236,44,0.8428571428571429,0.3538230884557721
722,7,2,237,44,0.8434163701067615,0.3553223388305847
786,7,2,238,44,0.8439716312056738,0.3568215892053973
797,7,2,239,44,0.8445229681978799,0.3583208395802099
1061,7,2,240,44,0.8450704225352113,0.3598200899550225
1195,7,2,241,44,0.8456140350877193,0.3613193403298351
626,7,2,242,44,0.8461538461538461,0.36281859070464767
837,7,2,243,44,0.8466898954703833,0.36431784107946025
1170,7,2,244,44,0.8472222222222222,0.3658170914542729
666,7,2,245,44,0.8477508650519031,0.36731634182908546
958,7,2,246,44,0.8482758620689655,0.36881559220389803
555,7,2,247,44,0.8487972508591065,0.37031484257871067
649,7,2,248,44,0.8493150684931506,0.37181409295352325
943,7,2,249,44,0.8498293515358362,0.3733133433283358
601,7,2,250,44,0.8503401360544217,0.3748125937031484
617,7,2,251,44,0.8508474576271187,0.37631184407796103
629,7,2,252,44,0.8513513513513513,0.3778110944527736
754,7,2,253,44,0.8518518518518519,0.3793103448275862
104,1,1,253,45,0.8489932885906041,0.3793103448275862
1055,7,2,254,45,0.8494983277591973,0.3808095952023988
619,7,2,255,45,0.85,0.3823088455772114
627,7,2,256,45,0.8504983388704319,0.383808095952024
646,7,2,257,45,0.8509933774834437,0.3853073463268366
660,7,2,258,45,0.8514851485148515,0.3868065967016492
674,7,2,259,45,0.8519736842105263,0.38830584707646176
680,7,2,260,45,0.8524590163934426,0.38980509745127434
701,7,2,261,45,0.8529411764705882,0.391304347826087
705,7,2,262,45,0.8534201954397395,0.39280359820089955
708,7,2,263,45,0.8538961038961039,0.39430284857571213
728,7,2,264,45,0.8543689320388349,0.39580209895052476
748,7,2,265,45,0.8548387096774194,0.39730134932533734
755,7,2,266,45,0.8553054662379421,0.3988005997001499
782,7,2,267,45,0.8557692307692307,0.4002998500749625
820,7,2,268,45,0.8562300319488818,0.4017991004497751
858,7,2,269,45,0.856687898089172,0.4032983508245877
891,7,2,270,45,0.8571428571428571,0.4047976011994003
911,7,2,271,45,0.8575949367088608,0.4062968515742129
950,7,2,272,45,0.8580441640378549,0.4077961019490255
963,7,2,273,45,0.8584905660377359,0.40929535232383807
1008,7,2,274,45,0.8589341692789969,0.4107946026986507
1024,7,2,275,45,0.859375,0.4122938530734633
1034,7,2,276,45,0.8598130841121495,0.41379310344827586
1094,7,2,277,45,0.860248447204969,0.41529235382308843
1116,7,2,278,45,0.8606811145510835,0.41679160419790107
1118,7,2,279,45,0.8611111111111112,0.41829085457271364
1156,7,2,280,45,0.8615384615384616,0.4197901049475262
1161,7,2,281,45,0.8619631901840491,0.42128935532233885
1191,7,2,282,45,0.8623853211009175,0.42278860569715143
598,7,2,283,45,0.8628048780487805,0.424287856071964
1129,7,2,284,45,0.8632218844984803,0.4257871064467766
1107,7,2,285,45,0.8636363636363636,0.4272863568215892
251,2,2,285,46,0.8610271903323263,0.4272863568215892
647,7,2,286,46,0.8614457831325302,0.4287856071964018
794,7,2,287,46,0.8618618618618619,0.4302848575712144
952,7,2,288,46,0.8622754491017964,0.431784107946027
1168,7,2,289,46,0.8626865671641791,0.4332833583208396
604,7,2,290,46,0.8630952380952381,0.43478260869565216
848,7,2,291,46,0.8635014836795252,0.4362818590704648
86,2,2,291,47,0.8609467455621301,0.4362818590704648
1007,7,2,292,47,0.8613569321533924,0.43778110944527737
635,7,2,293,47,0.861764705882353,0.43928035982008995
1175,7,2,294,47,0.8621700879765396,0.4407796101949025
846,7,2,295,47,0.8625730994152047,0.44227886056971516
840,7,2,296,47,0.8629737609329446,0.44377811094452774
1112,7,2,297,47,0.8633720930232558,0.4452773613193403
1009,7,2,298,47,0.863768115942029,0.44677661169415295
811,7,2,299,47,0.8641618497109826,0.4482758620689655
1048,7,2,300,47,0.8645533141210374,0.4497751124437781
1065,7,2,301,47,0.8649425287356322,0.4512743628185907
747,7,2,302,47,0.8653295128939829,0.4527736131934033
665,7,2,303,47,0.8657142857142858,0.4542728635682159
1162,7,2,304,47,0.8660968660968661,0.45577211394302847
605,7,2,305,47,0.8664772727272727,0.4572713643178411
613,7,2,306,47,0.8668555240793201,0.4587706146926537
630,7,2,307,47,0.867231638418079,0.46026986506746626
633,7,2,308,47,0.8676056338028169,0.4617691154422789
769,7,2,309,47,0.8679775280898876,0.46326836581709147
825,7,2,310,47,0.8683473389355743,0.46476761619190404
872,7,2,311,47,0.8687150837988827,0.4662668665667166
878,7,2,312,47,0.8690807799442897,0.46776611694152925
885,7,2,313,47,0.8694444444444445,0.46926536731634183
960,7,2,314,47,0.8698060941828255,0.4707646176911544
986,7,2,315,47,0.8701657458563536,0.47226386806596704
1018,7,2,316,47,0.8705234159779615,0.4737631184407796
1026,7,2,317,47,0.8708791208791209,0.4752623688155922
1075,7,2,318,47,0.8712328767123287,0.4767616191904048
1076,7,2,319,47,0.8715846994535519,0.4782608695652174
1125,7,2,320,47,0.8719346049046321,0.47976011994003
1127,7,2,321,47,0.8722826086956522,0.48125937031484256
20,2,2,321,48,0.8699186991869918,0.48125937031484256
776,7,2,322,48,0.8702702702702703,0.4827586206896552
611,7,2,323,48,0.8706199460916442,0.48425787106446777
692,7,2,324,48,0.8709677419354839,0.48575712143928035
704,7,2,325,48,0.871313672922252,0.487256371814093
573,7,2,326,48,0.8716577540106952,0.48875562218890556
947,7,2,327,48,0.872,0.49025487256371814
1042,7,2,328,48,0.8723404255319149,0.4917541229385307
1121,7,2,329,48,0.8726790450928382,0.49325337331334335
670,7,2,330,48,0.873015873015873,0.4947526236881559
1183,7,2,331,48,0.8733509234828496,0.4962518740629685
550,7,2,332,48,0.8736842105263158,0.49775112443778113
863,7,2,333,48,0.8740157480314961,0.4992503748125937
121,1,1,333,49,0.8717277486910995,0.4992503748125937
732,7,2,334,49,0.8720626631853786,0.5007496251874063
882,7,2,335,49,0.8723958333333334,0.5022488755622189
972,7,2,336,49,0.8727272727272727,0.5037481259370314
1186,7,2,337,49,0.8730569948186528,0.5052473763118441
993,7,2,338,49,0.8733850129198967,0.5067466266866567
922,7,2,339,49,0.8737113402061856,0.5082458770614693
831,7,2,340,49,0.8740359897172236,0.5097451274362819
94,2,2,340,50,0.8717948717948718,0.5097451274362819
1051,7,2,341,50,0.8721227621483376,0.5112443778110944
317,6,6,341,51,0.8698979591836735,0.5112443778110944
645,7,2,342,51,0.8702290076335878,0.512743628185907
1016,7,2,343,51,0.8705583756345178,0.5142428785607196
1090,7,2,344,51,0.8708860759493671,0.5157421289355323
559,7,2,345,51,0.8712121212121212,0.5172413793103449
678,7,2,346,51,0.871536523929471,0.5187406296851574
1052,7,2,347,51,0.871859296482412,0.52023988005997
596,7,2,348,51,0.8721804511278195,0.5217391304347826
631,7,2,349,51,0.8725,0.5232383808095952
578,7,2,350,51,0.8728179551122195,0.5247376311844077
850,7,2,351,51,0.8731343283582089,0.5262368815592204
903,7,2,352,51,0.8734491315136477,0.527736131934033
828,7,2,353,51,0.8737623762376238,0.5292353823088456
909,7,2,354,51,0.8740740740740741,0.5307346326836582
1181,7,2,355,51,0.874384236453202,0.5322338830584707
1154,7,2,356,51,0.8746928746928747,0.5337331334332833
904,7,2,357,51,0.875,0.5352323838080959
658,7,2,358,51,0.8753056234718827,0.5367316341829086
567,7,2,359,51,0.875609756097561,0.5382308845577212
585,7,2,360,51,0.8759124087591241,0.5397301349325337
804,7,2,361,51,0.8762135922330098,0.5412293853073463
1040,7,2,362,51,0.8765133171912833,0.5427286356821589
990,7,2,363,51,0.8768115942028986,0.5442278860569715
597,7,2,364,51,0.8771084337349397,0.545727136431784
642,7,2,365,51,0.8774038461538461,0.5472263868065967
73,2,2,365,52,0.8752997601918465,0.5472263868065967
956,7,2,366,52,0.8755980861244019,0.5487256371814093
1010,7,2,367,52,0.8758949880668258,0.5502248875562219
875,7,2,368,52,0.8761904761904762,0.5517241379310345
663,7,2,369,52,0.8764845605700713,0.553223388305847
1046,7,2,370,52,0.8767772511848341,0.5547226386806596
1114,7,2,371,52,0.8770685579196218,0.5562218890554723
1182,7,2,372,52,0.8773584905660378,0.5577211394302849
883,7,2,373,52,0.8776470588235294,0.5592203898050975
92,2,2,373,53,0.8755868544600939,0.5592203898050975
574,7,2,374,53,0.8758782201405152,0.56071964017991
608,7,2,375,53,0.8761682242990654,0.5622188905547226
696,7,2,376,53,0.8764568764568764,0.5637181409295352
655,7,2,377,53,0.8767441860465116,0.5652173913043478
895,7,2,378,53,0.877030162412993,0.5667166416791605
793,7,2,379,53,0.8773148148148148,0.568215892053973
874,7,2,380,53,0.8775981524249422,0.5697151424287856
1012,7,2,381,53,0.8778801843317973,0.5712143928035982
1047,7,2,382,53,0.8781609195402299,0.5727136431784108
563,7,2,383,53,0.8784403669724771,0.5742128935532234
780,7,2,384,53,0.8787185354691075,0.5757121439280359
901,7,2,385,53,0.8789954337899544,0.5772113943028486
581,7,2,386,53,0.8792710706150342,0.5787106446776612
1023,7,2,387,53,0.8795454545454545,0.5802098950524738
1119,7,2,388,53,0.8798185941043084,0.5817091454272864
548,7,2,389,53,0.8800904977375565,0.5832083958020989
24,0,0,389,54,0.8781038374717833,0.5832083958020989
25,0,0,389,55,0.8761261261261262,0.5832083958020989
26,0,0,389,56,0.8741573033707866,0.5832083958020989
39,0,0,389,57,0.8721973094170403,0.5832083958020989
44,0,0,389,58,0.8702460850111857,0.5832083958020989
105,0,0,389,59,0.8683035714285714,0.5832083958020989
165,0,0,389,60,0.8663697104677061,0.5832083958020989
166,0,0,389,61,0.8644444444444445,0.5832083958020989
167,0,0,389,62,0.8625277161862528,0.5832083958020989
168,0,0,389,63,0.8606194690265486,0.5832083958020989
169,0,0,389,64,0.8587196467991169,0.5832083958020989
170,0,0,389,65,0.8568281938325991,0.5832083958020989
171,0,0,389,66,0.8549450549450549,0.5832083958020989
172,0,0,389,67,0.8530701754385965,0.5832083958020989
173,0,0,389,68,0.8512035010940919,0.5832083958020989
177,0,0,389,69,0.8493449781659389,0.5832083958020989
178,0,0,389,70,0.8474945533769063,0.5832083958020989
179,0,0,389,71,0.8456521739130435,0.5832083958020989
180,0,0,389,72,0.8438177874186551,0.5832083958020989
194,0,0,389,73,0.841991341991342,0.5832083958020989
198,0,0,389,74,0.8401727861771058,0.5832083958020989
201,0,0,389,75,0.8383620689655172,0.5832083958020989
218,0,0,389,76,0.8365591397849462,0.5832083958020989
219,0,0,389,77,0.8347639484978541,0.5832083958020989
220,0,0,389,78,0.8329764453961456,0.5832083958020989
221,0,0,389,79,0.8311965811965812,0.5832083958020989
222,0,0,389,80,0.8294243070362474,0.5832083958020989
223,0,0,389,81,0.8276595744680851,0.5832083958020989
224,0,0,389,82,0.8259023354564756,0.5832083958020989
225,0,0,389,83,0.8241525423728814,0.5832083958020989
226,0,0,389,84,0.8224101479915433,0.5832083958020989
237,0,0,389,85,0.820675105485232,0.5832083958020989
246,0,0,389,86,0.8189473684210526,0.5832083958020989
247,0,0,389,87,0.8172268907563025,0.5832083958020989
250,0,0,389,88,0.8155136268343816,0.5832083958020989
256,0,0,389,89,0.8138075313807531,0.5832083958020989
257,0,0,389,90,0.8121085594989561,0.5832083958020989
260,0,0,389,91,0.8104166666666667,0.5832083958020989
271,0,0,389,92,0.8087318087318087,0.5832083958020989
286,0,0,389,93,0.8070539419087137,0.5832083958020989
287,0,0,389,94,0.8053830227743272,0.5832083958020989
288,0,0,389,95,0.8037190082644629,0.5832083958020989
289,0,0,389,96,0.8020618556701031,0.5832083958020989
290,0,0,389,97,0.8004115226337448,0.5832083958020989
291,0,0,389,98,0.7987679671457906,0.5832083958020989
292,0,0,389,99,0.7971311475409836,0.5832083958020989
293,0,0,389,100,0.7955010224948875,0.5832083958020989
295,0,0,389,101,0.7938775510204081,0.5832083958020989
305,0,0,389,102,0.7922606924643585,0.5832083958020989
306,0,0,389,103,0.790650406504065,0.5832083958020989
308,0,0,389,104,0.7890466531440162,0.5832083958020989
319,0,0,389,105,0.7874493927125507,0.5832083958020989
329,0,0,389,106,0.7858585858585858,0.5832083958020989
331,0,0,389,107,0.7842741935483871,0.5832083958020989
354,0,0,389,108,0.7826961770623743,0.5832083958020989
355,0,0,389,109,0.7811244979919679,0.5832083958020989
356,0,0,389,110,0.779559118236473,0.5832083958020989
357,0,0,389,111,0.778,0.5832083958020989
358,0,0,389,112,0.7764471057884231,0.5832083958020989
359,0,0,389,113,0.7749003984063745,0.5832083958020989
360,0,0,389,114,0.7733598409542743,0.5832083958020989
361,0,0,389,115,0.7718253968253969,0.5832083958020989
362,0,0,389,116,0.7702970297029703,0.5832083958020989
370,0,0,389,117,0.7687747035573123,0.5832083958020989
371,0,0,389,118,0.7672583826429981,0.5832083958020989
378,0,0,389,119,0.765748031496063,0.5832083958020989
379,0,0,389,120,0.7642436149312377,0.5832083958020989
383,0,0,389,121,0.7627450980392156,0.5832083958020989
390,0,0,389,122,0.761252446183953,0.5832083958020989
407,0,0,389,123,0.759765625,0.5832083958020989
408,0,0,389,124,0.7582846003898636,0.5832083958020989
412,0,0,389,125,0.7568093385214008,0.5832083958020989
423,0,0,389,126,0.7553398058252427,0.5832083958020989
430,0,0,389,127,0.7538759689922481,0.5832083958020989
431,0,0,389,128,0.7524177949709865,0.5832083958020989
432,0,0,389,129,0.750965250965251,0.5832083958020989
433,0,0,389,130,0.7495183044315993,0.5832083958020989
434,0,0,389,131,0.7480769230769231,0.5832083958020989
435,0,0,389,132,0.746641074856046,0.5832083958020989
436,0,0,389,133,0.7452107279693486,0.5832083958020989
437,0,0,389,134,0.7437858508604207,0.5832083958020989
438,0,0,389,135,0.7423664122137404,0.5832083958020989
445,0,0,389,136,0.7409523809523809,0.5832083958020989
453,0,0,389,137,0.7395437262357415,0.5832083958020989
454,0,0,389,138,0.7381404174573055,0.5832083958020989
457,0,0,389,139,0.7367424242424242,0.5832083958020989
463,0,0,389,140,0.7353497164461248,0.5832083958020989
465,0,0,389,141,0.7339622641509433,0.5832083958020989
467,0,0,389,142,0.7325800376647834,0.5832083958020989
468,0,0,389,143,0.731203007518797,0.5832083958020989
469,0,0,389,144,0.7298311444652908,0.5832083958020989
476,0,0,389,145,0.7284644194756554,0.5832083958020989
477,0,0,389,146,0.7271028037383177,0.5832083958020989
481,0,0,389,147,0.7257462686567164,0.5832083958020989
485,0,0,389,148,0.7243947858472998,0.5832083958020989
486,0,0,389,149,0.7230483271375465,0.5832083958020989
512,0,0,389,150,0.7217068645640075,0.5832083958020989
513,0,0,389,151,0.7203703703703703,0.5832083958020989
517,0,0,389,152,0.7190388170055453,0.5832083958020989
518,0,0,389,153,0.7177121771217713,0.5832083958020989
519,0,0,389,154,0.716390423572744,0.5832083958020989
1038,7,2,390,154,0.7169117647058824,0.5847076461769115
592,7,4,391,154,0.7174311926605504,0.5862068965517241
634,7,2,392,154,0.717948717948718,0.5877061469265368
907,7,2,393,154,0.7184643510054844,0.5892053973013494
879,7,2,394,154,0.718978102189781,0.5907046476761619
191,1,1,394,155,0.7176684881602914,0.5907046476761619
718,7,2,395,155,0.7181818181818181,0.5922038980509745
925,7,2,396,155,0.7186932849364791,0.5937031484257871
1099,7,2,397,155,0.7192028985507246,0.5952023988005997
897,7,2,398,155,0.7197106690777577,0.5967016491754122
537,7,2,399,155,0.720216606498195,0.5982008995502249
547,7,2,400,155,0.7207207207207207,0.5997001499250375
572,7,2,401,155,0.7212230215827338,0.6011994002998501
664,7,2,402,155,0.7217235188509874,0.6026986506746627
810,7,2,403,155,0.7222222222222222,0.6041979010494752
994,7,2,404,155,0.7227191413237924,0.6056971514242878
1050,7,2,405,155,0.7232142857142857,0.6071964017991005
1098,7,2,406,155,0.7237076648841355,0.6086956521739131
676,7,2,407,155,0.7241992882562278,0.6101949025487257
966,7,2,408,155,0.7246891651865008,0.6116941529235382
724,7,2,409,155,0.725177304964539,0.6131934032983508
917,7,2,410,155,0.7256637168141593,0.6146926536731634
553,7,2,411,155,0.726148409893993,0.616191904047976
766,7,2,412,155,0.7266313932980599,0.6176911544227887
773,7,2,413,155,0.727112676056338,0.6191904047976012
1165,7,2,414,155,0.7275922671353251,0.6206896551724138
1153,7,2,415,155,0.7280701754385965,0.6221889055472264
913,7,2,416,155,0.7285464098073555,0.623688155922039
781,7,2,417,155,0.7290209790209791,0.6251874062968515
955,7,2,418,155,0.7294938917975567,0.6266866566716641
918,7,2,419,155,0.7299651567944251,0.6281859070464768
1086,7,2,420,155,0.7304347826086957,0.6296851574212894
743,7,2,421,155,0.7309027777777778,0.631184407796102
859,7,2,422,155,0.7313691507798961,0.6326836581709145
1192,7,2,423,155,0.7318339100346021,0.6341829085457271
812,7,2,424,155,0.7322970639032815,0.6356821589205397
843,7,2,425,155,0.7327586206896551,0.6371814092953523
964,7,2,426,155,0.7332185886402753,0.638680659670165
1029,7,2,427,155,0.7336769759450171,0.6401799100449775
935,7,2,428,155,0.7341337907375644,0.6416791604197901
979,7,2,429,155,0.7345890410958904,0.6431784107946027
1025,7,2,430,155,0.7350427350427351,0.6446776611694153
821,7,2,431,155,0.735494880546075,0.6461769115442278
1144,7,2,432,155,0.7359454855195912,0.6476761619190404
792,7,2,433,155,0.7363945578231292,0.6491754122938531
530,7,2,434,155,0.7368421052631579,0.6506746626686657
777,7,2,435,155,0.7372881355932204,0.6521739130434783
540,7,2,436,155,0.7377326565143824,0.6536731634182908
948,7,2,437,155,0.7381756756756757,0.6551724137931034
771,7,2,438,155,0.7386172006745363,0.656671664167916
588,7,2,439,155,0.7390572390572391,0.6581709145427287
694,7,2,440,155,0.7394957983193278,0.6596701649175413
703,7,2,441,155,0.7399328859060402,0.6611694152923538
709,7,2,442,155,0.7403685092127303,0.6626686656671664
714,7,2,443,155,0.7408026755852842,0.664167916041979
890,7,2,444,155,0.7412353923205343,0.6656671664167916
930,7,2,445,155,0.7416666666666667,0.6671664167916042
939,7,2,446,155,0.7420965058236273,0.6686656671664168
1000,7,2,447,155,0.7425249169435216,0.6701649175412294
1095,7,2,448,155,0.7429519071310116,0.671664167916042
1140,7,2,449,155,0.7433774834437086,0.6731634182908546
733,7,2,450,155,0.743801652892562,0.6746626686656672
97,1,1,450,156,0.7425742574257426,0.6746626686656672
557,7,2,451,156,0.742998352553542,0.6761619190404797
961,7,2,452,156,0.743421052631579,0.6776611694152923
1056,7,2,453,156,0.7438423645320197,0.679160419790105
554,7,2,454,156,0.7442622950819672,0.6806596701649176
737,7,2,455,156,0.7446808510638298,0.6821589205397302
1163,7,2,456,156,0.7450980392156863,0.6836581709145427
56,0,5,456,157,0.7438825448613376,0.6836581709145427
57,0,5,456,158,0.742671009771987,0.6836581709145427
58,0,5,456,159,0.7414634146341463,0.6836581709145427
199,0,5,456,160,0.7402597402597403,0.6836581709145427
272,0,5,456,161,0.7390599675850892,0.6836581709145427
309,0,5,456,162,0.7378640776699029,0.6836581709145427
310,0,5,456,163,0.7366720516962844,0.6836581709145427
320,0,5,456,164,0.7354838709677419,0.6836581709145427
321,0,5,456,165,0.7342995169082126,0.6836581709145427
322,0,5,456,166,0.7331189710610932,0.6836581709145427
327,0,5,456,167,0.7319422150882825,0.6836581709145427
332,0,5,456,168,0.7307692307692307,0.6836581709145427
333,0,5,456,169,0.7296,0.6836581709145427
334,0,5,456,170,0.7284345047923323,0.6836581709145427
335,0,5,456,171,0.7272727272727273,0.6836581709145427
340,0,5,456,172,0.7261146496815286,0.6836581709145427
341,0,5,456,173,0.724960254372019,0.6836581709145427
342,0,5,456,174,0.7238095238095238,0.6836581709145427
343,0,5,456,175,0.722662440570523,0.6836581709145427
344,0,5,456,176,0.7215189873417721,0.6836581709145427
345,0,5,456,177,0.7203791469194313,0.6836581709145427
346,0,5,456,178,0.7192429022082019,0.6836581709145427
384,0,5,456,179,0.7181102362204724,0.6836581709145427
385,0,5,456,180,0.7169811320754716,0.6836581709145427
392,0,5,456,181,0.7158555729984302,0.6836581709145427
393,0,5,456,182,0.7147335423197492,0.6836581709145427
394,0,5,456,183,0.7136150234741784,0.6836581709145427
396,0,5,456,184,0.7125,0.6836581709145427
403,0,5,456,185,0.7113884555382215,0.6836581709145427
404,0,5,456,186,0.7102803738317757,0.6836581709145427
405,0,5,456,187,0.7091757387247278,0.6836581709145427
461,0,5,456,188,0.7080745341614907,0.6836581709145427
473,0,5,456,189,0.7069767441860465,0.6836581709145427
474,0,5,456,190,0.7058823529411765,0.6836581709145427
475,0,5,456,191,0.7047913446676971,0.6836581709145427
478,0,5,456,192,0.7037037037037037,0.6836581709145427
479,0,5,456,193,0.7026194144838213,0.6836581709145427
482,0,5,456,194,0.7015384615384616,0.6836581709145427
483,0,5,456,195,0.7004608294930875,0.6836581709145427
501,0,5,456,196,0.6993865030674846,0.6836581709145427
503,0,5,456,197,0.6983154670750383,0.6836581709145427
504,0,5,456,198,0.6972477064220184,0.6836581709145427
505,0,5,456,199,0.6961832061068702,0.6836581709145427
511,0,5,456,200,0.6951219512195121,0.6836581709145427
514,0,5,456,201,0.6940639269406392,0.6836581709145427
515,0,5,456,202,0.6930091185410334,0.6836581709145427
516,0,5,456,203,0.6919575113808801,0.6836581709145427
156,1,1,456,204,0.6909090909090909,0.6836581709145427
957,7,2,457,204,0.6913767019667171,0.6851574212893553
1189,7,2,458,204,0.6918429003021148,0.6866566716641679
1054,7,2,459,204,0.6923076923076923,0.6881559220389805
1141,7,2,460,204,0.6927710843373494,0.6896551724137931
832,7,2,461,204,0.6932330827067669,0.6911544227886057
561,7,2,462,204,0.6936936936936937,0.6926536731634183
736,7,2,463,204,0.6941529235382309,0.6941529235382309
744,7,2,464,204,0.6946107784431138,0.6956521739130435
836,7,2,465,204,0.695067264573991,0.697151424287856
779,7,2,466,204,0.6955223880597015,0.6986506746626686
789,7,2,467,204,0.6959761549925484,0.7001499250374813
865,7,2,468,204,0.6964285714285714,0.7016491754122939
969,7,2,469,204,0.6968796433878157,0.7031484257871065
1071,7,2,470,204,0.6973293768545994,0.704647676161919
1005,7,2,471,204,0.6977777777777778,0.7061469265367316
1113,7,2,472,204,0.6982248520710059,0.7076461769115442
738,7,2,473,204,0.6986706056129985,0.7091454272863568
751,7,2,474,204,0.6991150442477876,0.7106446776611695
985,7,2,475,204,0.6995581737849779,0.712143928035982
987,7,2,476,204,0.7,0.7136431784107946
552,7,2,477,204,0.7004405286343612,0.7151424287856072
1004,7,2,478,204,0.7008797653958945,0.7166416791604198
1053,7,2,479,204,0.7013177159590044,0.7181409295352323
620,7,2,480,204,0.7017543859649122,0.719640179910045
1017,7,2,481,204,0.7021897810218978,0.7211394302848576
529,7,2,482,204,0.7026239067055393,0.7226386806596702
697,7,2,483,204,0.7030567685589519,0.7241379310344828
1002,7,2,484,204,0.7034883720930233,0.7256371814092953
1062,7,2,485,204,0.7039187227866474,0.7271364317841079
758,7,2,486,204,0.7043478260869566,0.7286356821589205
1049,7,2,487,204,0.7047756874095513,0.7301349325337332
654,7,2,488,204,0.7052023121387283,0.7316341829085458
721,7,2,489,204,0.7056277056277056,0.7331334332833583
880,7,2,490,204,0.7060518731988472,0.7346326836581709
951,7,2,491,204,0.7064748201438849,0.7361319340329835
689,7,2,492,204,0.7068965517241379,0.7376311844077961
734,7,2,493,204,0.7073170731707317,0.7391304347826086
977,7,2,494,204,0.7077363896848138,0.7406296851574213
1187,7,2,495,204,0.7081545064377682,0.7421289355322339
683,7,2,496,204,0.7085714285714285,0.7436281859070465
910,7,2,497,204,0.7089871611982882,0.7451274362818591
928,7,2,498,204,0.7094017094017094,0.7466266866566716
1001,7,2,499,204,0.7098150782361309,0.7481259370314842
693,7,2,500,204,0.7102272727272727,0.7496251874062968
725,7,2,501,204,0.7106382978723405,0.7511244377811095
862,7,2,502,204,0.7110481586402266,0.7526236881559221
593,7,2,503,204,0.7114568599717115,0.7541229385307346
785,7,2,504,204,0.711864406779661,0.7556221889055472
894,7,2,505,204,0.7122708039492243,0.7571214392803598
107,0,0,505,205,0.7112676056338029,0.7571214392803598
110,0,0,505,206,0.710267229254571,0.7571214392803598
111,0,0,505,207,0.7092696629213483,0.7571214392803598
115,0,0,505,208,0.7082748948106592,0.7571214392803598
116,0,0,505,209,0.7072829131652661,0.7571214392803598
117,0,0,505,210,0.7062937062937062,0.7571214392803598
118,0,0,505,211,0.7053072625698324,0.7571214392803598
119,0,0,505,212,0.704323570432357,0.7571214392803598
120,0,0,505,213,0.7033426183844012,0.7571214392803598
122,0,0,505,214,0.7023643949930459,0.7571214392803598
123,0,0,505,215,0.7013888888888888,0.7571214392803598
124,0,0,505,216,0.7004160887656034,0.7571214392803598
125,0,0,505,217,0.6994459833795014,0.7571214392803598
126,0,0,505,218,0.6984785615491009,0.7571214392803598
133,0,0,505,219,0.6975138121546961,0.7571214392803598
134,0,0,505,220,0.696551724137931,0.7571214392803598
135,0,0,505,221,0.6955922865013774,0.7571214392803598
136,0,0,505,222,0.6946354883081155,0.7571214392803598
137,0,0,505,223,0.6936813186813187,0.7571214392803598
138,0,0,505,224,0.6927297668038409,0.7571214392803598
139,0,0,505,225,0.6917808219178082,0.7571214392803598
140,0,0,505,226,0.6908344733242134,0.7571214392803598
141,0,0,505,227,0.6898907103825137,0.7571214392803598
142,0,0,505,228,0.6889495225102319,0.7571214392803598
143,0,0,505,229,0.6880108991825613,0.7571214392803598
144,0,0,505,230,0.6870748299319728,0.7571214392803598
149,0,0,505,231,0.686141304347826,0.7571214392803598
159,0,0,505,232,0.6852103120759837,0.7571214392803598
160,0,0,505,233,0.6842818428184282,0.7571214392803598
161,0,0,505,234,0.6833558863328822,0.7571214392803598
162,0,0,505,235,0.6824324324324325,0.7571214392803598
163,0,0,505,236,0.6815114709851552,0.7571214392803598
164,0,0,505,237,0.6805929919137467,0.7571214392803598
175,0,0,505,238,0.6796769851951547,0.7571214392803598
176,0,0,505,239,0.678763440860215,0.7571214392803598
211,0,0,505,240,0.6778523489932886,0.7571214392803598
212,0,0,505,241,0.6769436997319035,0.7571214392803598
213,0,0,505,242,0.6760374832663989,0.7571214392803598
214,0,0,505,243,0.6751336898395722,0.7571214392803598
215,0,0,505,244,0.6742323097463284,0.7571214392803598
216,0,0,505,245,0.6733333333333333,0.7571214392803598
228,0,0,505,246,0.6724367509986684,0.7571214392803598
229,0,0,505,247,0.6715425531914894,0.7571214392803598
230,0,0,505,248,0.6706507304116865,0.7571214392803598
231,0,0,505,249,0.669761273209549,0.7571214392803598
232,0,0,505,250,0.6688741721854304,0.7571214392803598
233,0,0,505,251,0.667989417989418,0.7571214392803598
239,0,0,505,252,0.667107001321004,0.7571214392803598
240,0,0,505,253,0.6662269129287599,0.7571214392803598
242,0,0,505,254,0.6653491436100132,0.7571214392803598
244,0,0,505,255,0.6644736842105263,0.7571214392803598
245,0,0,505,256,0.6636005256241787,0.7571214392803598
248,0,0,505,257,0.6627296587926509,0.7571214392803598
249,0,0,505,258,0.6618610747051114,0.7571214392803598
304,0,0,505,259,0.6609947643979057,0.7571214392803598
307,0,0,505,260,0.6601307189542484,0.7571214392803598
348,0,0,505,261,0.6592689295039165,0.7571214392803598
349,0,0,505,262,0.6584093872229465,0.7571214392803598
350,0,0,505,263,0.6575520833333334,0.7571214392803598
351,0,0,505,264,0.6566970091027308,0.7571214392803598
352,0,0,505,265,0.6558441558441559,0.7571214392803598
353,0,0,505,266,0.6549935149156939,0.7571214392803598
363,0,0,505,267,0.6541450777202072,0.7571214392803598
364,0,0,505,268,0.6532988357050453,0.7571214392803598
365,0,0,505,269,0.6524547803617571,0.7571214392803598
366,0,0,505,270,0.6516129032258065,0.7571214392803598
367,0,0,505,271,0.6507731958762887,0.7571214392803598
368,0,0,505,272,0.6499356499356499,0.7571214392803598
373,0,0,505,273,0.6491002570694088,0.7571214392803598
374,0,0,505,274,0.6482670089858793,0.7571214392803598
375,0,0,505,275,0.6474358974358975,0.7571214392803598
376,0,0,505,276,0.646606914212548,0.7571214392803598
377,0,0,505,277,0.6457800511508951,0.7571214392803598
381,0,0,505,278,0.644955300127714,0.7571214392803598
382,0,0,505,279,0.6441326530612245,0.7571214392803598
410,0,0,505,280,0.643312101910828,0.7571214392803598
418,0,0,505,281,0.6424936386768448,0.7571214392803598
424,0,0,505,282,0.6416772554002541,0.7571214392803598
425,0,0,505,283,0.6408629441624365,0.7571214392803598
426,0,0,505,284,0.6400506970849176,0.7571214392803598
427,0,0,505,285,0.6392405063291139,0.7571214392803598
428,0,0,505,286,0.638432364096081,0.7571214392803598
429,0,0,505,287,0.6376262626262627,0.7571214392803598
439,0,0,505,288,0.6368221941992434,0.7571214392803598
440,0,0,505,289,0.6360201511335013,0.7571214392803598
441,0,0,505,290,0.6352201257861635,0.7571214392803598
442,0,0,505,291,0.6344221105527639,0.7571214392803598
443,0,0,505,292,0.6336260978670013,0.7571214392803598
444,0,0,505,293,0.6328320802005013,0.7571214392803598
448,0,0,505,294,0.6320400500625782,0.7571214392803598
449,0,0,505,295,0.63125,0.7571214392803598
450,0,0,505,296,0.630461922596754,0.7571214392803598
451,0,0,505,297,0.6296758104738155,0.7571214392803598
452,0,0,505,298,0.6288916562889165,0.7571214392803598
455,0,0,505,299,0.6281094527363185,0.7571214392803598
456,0,0,505,300,0.6273291925465838,0.7571214392803598
524,0,0,505,301,0.6265508684863523,0.7571214392803598
686,7,2,506,301,0.6270136307311028,0.7586206896551724
710,7,2,507,301,0.6274752475247525,0.760119940029985
818,7,2,508,301,0.6279357231149567,0.7616191904047976
538,7,2,509,301,0.6283950617283951,0.7631184407796102
784,7,2,510,301,0.6288532675709001,0.7646176911544228
815,7,2,511,301,0.6293103448275862,0.7661169415292354
834,7,2,512,301,0.6297662976629766,0.767616191904048
888,7,2,513,301,0.6302211302211302,0.7691154422788605
889,7,2,514,301,0.6306748466257669,0.7706146926536732
937,7,2,515,301,0.6311274509803921,0.7721139430284858
980,7,2,516,301,0.631578947368421,0.7736131934032984
1078,7,2,517,301,0.6320293398533008,0.775112443778111
1133,7,2,518,301,0.6324786324786325,0.7766116941529235
644,7,2,519,301,0.6329268292682927,0.7781109445277361
740,7,2,520,301,0.633373934226553,0.7796101949025487
954,7,2,521,301,0.6338199513381995,0.7811094452773614
892,7,2,522,301,0.6342648845686513,0.782608695652174
217,1,1,522,302,0.633495145631068,0.782608695652174
668,7,2,523,302,0.6339393939393939,0.7841079460269865
672,7,2,524,302,0.6343825665859564,0.7856071964017991
1147,7,2,525,302,0.6348246674727932,0.7871064467766117
81,2,2,525,303,0.6340579710144928,0.7871064467766117
195,1,1,525,304,0.6332931242460796,0.7871064467766117
196,1,1,525,305,0.6325301204819277,0.7871064467766117
197,1,1,525,306,0.631768953068592,0.7871064467766117
558,7,2,526,306,0.6322115384615384,0.7886056971514243
684,7,2,527,306,0.6326530612244898,0.7901049475262368
717,7,2,528,306,0.6330935251798561,0.7916041979010495
941,7,2,529,306,0.6335329341317365,0.7931034482758621
953,7,2,530,306,0.6339712918660287,0.7946026986506747
1148,7,2,531,306,0.6344086021505376,0.7961019490254873
1155,7,2,532,306,0.6348448687350835,0.7976011994002998
1171,7,2,533,306,0.635280095351609,0.7991004497751124
1178,7,2,534,306,0.6357142857142857,0.800599700149925
706,7,2,535,306,0.6361474435196195,0.8020989505247377
1131,7,2,536,306,0.6365795724465558,0.8035982008995503
575,7,2,537,306,0.6370106761565836,0.8050974512743628
580,7,2,538,306,0.6374407582938388,0.8065967016491754
628,7,2,539,306,0.6378698224852071,0.808095952023988
842,7,2,540,306,0.6382978723404256,0.8095952023988006
1073,7,2,541,306,0.6387249114521841,0.8110944527736131
1185,7,2,542,306,0.6391509433962265,0.8125937031484258
926,7,2,543,306,0.6395759717314488,0.8140929535232384
1177,7,2,544,306,0.64,0.815592203898051
395,1,1,544,307,0.6392479435957696,0.815592203898051
415,1,1,544,308,0.6384976525821596,0.815592203898051
417,1,1,544,309,0.6377491207502931,0.815592203898051
499,1,1,544,310,0.6370023419203747,0.815592203898051
992,7,2,545,310,0.6374269005847953,0.8170914542728636
1011,7,2,546,310,0.6378504672897196,0.8185907046476761
80,2,2,546,311,0.6371061843640606,0.8185907046476761
984,7,2,547,311,0.6375291375291375,0.8200899550224887
534,7,2,548,311,0.6379511059371362,0.8215892053973014
78,2,2,548,312,0.6372093023255814,0.8215892053973014
662,7,2,549,312,0.6376306620209059,0.823088455772114
772,7,2,550,312,0.6380510440835266,0.8245877061469266
594,7,2,551,312,0.6384704519119351,0.8260869565217391
802,7,2,552,312,0.6388888888888888,0.8275862068965517
945,7,2,553,312,0.6393063583815028,0.8290854572713643
252,2,2,553,313,0.6385681293302541,0.8290854572713643
750,7,2,554,313,0.6389850057670127,0.8305847076461769
847,7,2,555,313,0.6394009216589862,0.8320839580209896
881,7,2,556,313,0.6398158803222095,0.8335832083958021
1101,7,2,557,313,0.6402298850574712,0.8350824587706147
532,7,2,558,313,0.6406429391504018,0.8365817091454273
570,7,2,559,313,0.6410550458715596,0.8380809595202399
711,7,2,560,313,0.6414662084765178,0.8395802098950524
723,7,2,561,313,0.6418764302059496,0.841079460269865
1069,7,2,562,313,0.6422857142857142,0.8425787106446777
1135,7,2,563,313,0.6426940639269406,0.8440779610194903
657,7,2,564,313,0.6431014823261118,0.8455772113943029
870,7,2,565,313,0.643507972665148,0.8470764617691154
1064,7,2,566,313,0.6439135381114903,0.848575712143928
1088,7,2,567,313,0.6443181818181818,0.8500749625187406
1021,7,2,568,313,0.64472190692395,0.8515742128935532
762,7,2,569,313,0.645124716553288,0.8530734632683659
873,7,2,570,313,0.6455266138165345,0.8545727136431784
726,7,2,571,313,0.6459276018099548,0.856071964017991
798,7,2,572,313,0.6463276836158192,0.8575712143928036
914,7,2,573,313,0.6467268623024831,0.8590704647676162
978,7,2,574,313,0.6471251409244645,0.8605697151424287
1020,7,2,575,313,0.6475225225225225,0.8620689655172413
965,7,2,576,313,0.6479190101237345,0.863568215892054
681,7,2,577,313,0.648314606741573,0.8650674662668666
896,7,2,578,313,0.6487093153759821,0.8665667166416792
1072,7,2,579,313,0.649103139013453,0.8680659670164917
1138,7,2,580,313,0.6494960806270996,0.8695652173913043
556,7,2,581,313,0.6498881431767338,0.8710644677661169
791,7,2,582,313,0.6502793296089385,0.8725637181409296
934,7,2,583,313,0.6506696428571429,0.8740629685157422
991,7,2,584,313,0.6510590858416946,0.8755622188905547
1085,7,2,585,313,0.6514476614699332,0.8770614692653673
1100,7,2,586,313,0.6518353726362626,0.8785607196401799
1130,7,2,587,313,0.6522222222222223,0.8800599700149925
1110,7,2,588,313,0.6526082130965594,0.881559220389805
661,7,2,589,313,0.6529933481152993,0.8830584707646177
915,7,2,590,313,0.6533776301218162,0.8845577211394303
88,2,2,590,314,0.6526548672566371,0.8845577211394303
562,7,2,591,314,0.6530386740331492,0.8860569715142429
154,1,1,591,315,0.652317880794702,0.8860569715142429
839,7,2,592,315,0.6527012127894156,0.8875562218890555
757,7,2,593,315,0.6530837004405287,0.889055472263868
651,7,2,594,315,0.6534653465346535,0.8905547226386806
1022,7,2,595,315,0.6538461538461539,0.8920539730134932
1035,7,2,596,315,0.6542261251372119,0.8935532233883059
1037,7,2,597,315,0.6546052631578947,0.8950524737631185
1091,7,2,598,315,0.6549835706462213,0.896551724137931
1143,7,2,599,315,0.6553610503282276,0.8980509745127436
1139,7,2,600,315,0.6557377049180327,0.8995502248875562
713,7,2,601,315,0.6561135371179039,0.9010494752623688
1031,7,2,602,315,0.6564885496183206,0.9025487256371814
413,1,1,602,316,0.6557734204793029,0.9025487256371814
414,1,1,602,317,0.6550598476605005,0.9025487256371814
416,1,1,602,318,0.6543478260869565,0.9025487256371814
462,0,0,602,319,0.6536373507057546,0.9025487256371814
973,7,2,603,319,0.6540130151843818,0.904047976011994
102,2,2,603,320,0.6533044420368364,0.904047976011994
549,7,2,604,320,0.6536796536796536,0.9055472263868066
551,7,2,605,320,0.654054054054054,0.9070464767616192
788,7,2,606,320,0.6544276457883369,0.9085457271364318
796,7,2,607,320,0.6548004314994607,0.9100449775112444
819,7,2,608,320,0.6551724137931034,0.9115442278860569
902,7,2,609,320,0.6555435952637244,0.9130434782608695
1093,7,2,610,320,0.6559139784946236,0.9145427286356822
933,7,2,611,320,0.6562835660580022,0.9160419790104948
1115,7,2,612,320,0.6566523605150214,0.9175412293853074
569,7,2,613,320,0.6570203644158628,0.9190404797601199
637,7,2,614,320,0.6573875802997858,0.9205397301349325
787,7,2,615,320,0.6577540106951871,0.9220389805097451
899,7,2,616,320,0.6581196581196581,0.9235382308845578
931,7,2,617,320,0.6584845250800427,0.9250374812593704
938,7,2,618,320,0.6588486140724946,0.9265367316341829
584,7,2,619,320,0.6592119275825347,0.9280359820089955
1014,7,2,620,320,0.6595744680851063,0.9295352323838081
1043,7,2,621,320,0.6599362380446334,0.9310344827586207
95,2,2,621,321,0.6592356687898089,0.9310344827586207
861,7,2,622,321,0.6595970307529162,0.9325337331334332
93,2,2,622,322,0.6588983050847458,0.9325337331334332
241,1,1,622,323,0.6582010582010582,0.9325337331334332
535,7,2,623,323,0.6585623678646935,0.9340329835082459
822,7,2,624,323,0.6589229144667371,0.9355322338830585
1108,7,2,625,323,0.6592827004219409,0.9370314842578711
687,7,2,626,323,0.6596417281348789,0.9385307346326837
148,1,1,626,324,0.6589473684210526,0.9385307346326837
607,7,2,627,324,0.6593059936908517,0.9400299850074962
729,7,2,628,324,0.6596638655462185,0.9415292353823088
814,7,2,629,324,0.6600209863588667,0.9430284857571214
542,7,2,630,324,0.660377358490566,0.9445277361319341
719,7,2,631,324,0.6607329842931937,0.9460269865067467
1006,7,2,632,324,0.6610878661087866,0.9475262368815592
235,1,1,632,325,0.6603970741901777,0.9475262368815592
236,1,1,632,326,0.6597077244258872,0.9475262368815592
386,1,1,632,327,0.6590198123044838,0.9475262368815592
82,2,2,632,328,0.6583333333333333,0.9475262368815592
835,7,2,633,328,0.6586888657648283,0.9490254872563718
871,7,2,634,328,0.659043659043659,0.9505247376311844
1070,7,2,635,328,0.6593977154724818,0.952023988005997
716,7,2,636,328,0.6597510373443983,0.9535232383808095
157,0,0,636,329,0.6590673575129534,0.9535232383808095
158,0,0,636,330,0.6583850931677019,0.9535232383808095
174,0,0,636,331,0.6577042399172699,0.9535232383808095
182,0,0,636,332,0.6570247933884298,0.9535232383808095
183,0,0,636,333,0.6563467492260062,0.9535232383808095
189,0,0,636,334,0.6556701030927835,0.9535232383808095
190,0,0,636,335,0.654994850669413,0.9535232383808095
200,0,0,636,336,0.654320987654321,0.9535232383808095
203,0,0,636,337,0.6536485097636177,0.9535232383808095
205,0,0,636,338,0.6529774127310062,0.9535232383808095
207,0,0,636,339,0.6523076923076923,0.9535232383808095
208,0,0,636,340,0.6516393442622951,0.9535232383808095
209,0,0,636,341,0.6509723643807575,0.9535232383808095
210,0,0,636,342,0.6503067484662577,0.9535232383808095
227,0,0,636,343,0.6496424923391215,0.9535232383808095
234,0,0,636,344,0.6489795918367347,0.9535232383808095
238,0,0,636,345,0.6483180428134556,0.9535232383808095
253,0,0,636,346,0.6476578411405295,0.9535232383808095
254,0,0,636,347,0.646998982706002,0.9535232383808095
255,0,0,636,348,0.6463414634146342,0.9535232383808095
77,2,2,636,349,0.6456852791878173,0.9535232383808095
76,2,2,636,350,0.6450304259634888,0.9535232383808095
0,0,0,636,351,0.6443768996960486,0.9535232383808095
1,0,0,636,352,0.6437246963562753,0.9535232383808095
2,0,0,636,353,0.6430738119312437,0.9535232383808095
3,0,0,636,354,0.6424242424242425,0.9535232383808095
4,0,0,636,355,0.6417759838546923,0.9535232383808095
5,0,0,636,356,0.6411290322580645,0.9535232383808095
6,0,0,636,357,0.6404833836858006,0.9535232383808095
7,0,0,636,358,0.6398390342052314,0.9535232383808095
8,0,0,636,359,0.6391959798994975,0.9535232383808095
9,0,0,636,360,0.6385542168674698,0.9535232383808095
10,0,0,636,361,0.6379137412236711,0.9535232383808095
11,0,0,636,362,0.6372745490981964,0.9535232383808095
12,0,0,636,363,0.6366366366366366,0.9535232383808095
13,0,0,636,364,0.636,0.9535232383808095
14,0,0,636,365,0.6353646353646354,0.9535232383808095
15,0,0,636,366,0.6347305389221557,0.9535232383808095
22,0,0,636,367,0.634097706879362,0.9535232383808095
23,0,0,636,368,0.6334661354581673,0.9535232383808095
29,0,0,636,369,0.6328358208955224,0.9535232383808095
32,0,0,636,370,0.6322067594433399,0.9535232383808095
37,0,0,636,371,0.631578947368421,0.9535232383808095
38,0,0,636,372,0.6309523809523809,0.9535232383808095
40,0,0,636,373,0.6303270564915758,0.9535232383808095
41,0,0,636,374,0.6297029702970297,0.9535232383808095
42,0,0,636,375,0.629080118694362,0.9535232383808095
46,0,0,636,376,0.6284584980237155,0.9535232383808095
47,0,0,636,377,0.6278381046396841,0.9535232383808095
48,0,0,636,378,0.6272189349112426,0.9535232383808095
49,0,0,636,379,0.6266009852216748,0.9535232383808095
50,0,0,636,380,0.6259842519685039,0.9535232383808095
51,0,0,636,381,0.6253687315634219,0.9535232383808095
52,0,0,636,382,0.6247544204322201,0.9535232383808095
53,0,0,636,383,0.6241413150147204,0.9535232383808095
54,0,0,636,384,0.6235294117647059,0.9535232383808095
55,0,0,636,385,0.6229187071498531,0.9535232383808095
61,0,0,636,386,0.6223091976516634,0.9535232383808095
66,0,0,636,387,0.6217008797653959,0.9535232383808095
67,0,0,636,388,0.62109375,0.9535232383808095
68,0,0,636,389,0.6204878048780488,0.9535232383808095
69,0,0,636,390,0.6198830409356725,0.9535232383808095
70,0,0,636,391,0.6192794547224927,0.9535232383808095
145,0,0,636,392,0.6186770428015564,0.9535232383808095
146,0,0,636,393,0.6180758017492711,0.9535232383808095
147,0,0,636,394,0.6174757281553398,0.9535232383808095
202,0,0,636,395,0.6168768186226964,0.9535232383808095
204,0,0,636,396,0.6162790697674418,0.9535232383808095
206,0,0,636,397,0.6156824782187803,0.9535232383808095
261,0,0,636,398,0.6150870406189555,0.9535232383808095
262,0,0,636,399,0.6144927536231884,0.9535232383808095
263,0,0,636,400,0.6138996138996139,0.9535232383808095
264,0,0,636,401,0.6133076181292189,0.9535232383808095
265,0,0,636,402,0.6127167630057804,0.9535232383808095
267,0,0,636,403,0.6121270452358036,0.9535232383808095
268,0,0,636,404,0.6115384615384616,0.9535232383808095
269,0,0,636,405,0.6109510086455331,0.9535232383808095
270,0,0,636,406,0.6103646833013435,0.9535232383808095
273,0,0,636,407,0.6097794822627037,0.9535232383808095
274,0,0,636,408,0.6091954022988506,0.9535232383808095
275,0,0,636,409,0.6086124401913876,0.9535232383808095
277,0,0,636,410,0.6080305927342257,0.9535232383808095
278,0,0,636,411,0.6074498567335244,0.9535232383808095
279,0,0,636,412,0.6068702290076335,0.9535232383808095
280,0,0,636,413,0.6062917063870352,0.9535232383808095
281,0,0,636,414,0.6057142857142858,0.9535232383808095
282,0,0,636,415,0.6051379638439581,0.9535232383808095
283,0,0,636,416,0.6045627376425855,0.9535232383808095
284,0,0,636,417,0.603988603988604,0.9535232383808095
285,0,0,636,418,0.603415559772296,0.9535232383808095
294,0,0,636,419,0.6028436018957346,0.9535232383808095
296,0,0,636,420,0.6022727272727273,0.9535232383808095
297,0,0,636,421,0.6017029328287606,0.9535232383808095
298,0,0,636,422,0.6011342155009451,0.9535232383808095
299,0,0,636,423,0.6005665722379604,0.9535232383808095
300,0,0,636,424,0.6,0.9535232383808095
301,0,0,636,425,0.5994344957587182,0.9535232383808095
302,0,0,636,426,0.5988700564971752,0.9535232383808095
303,0,0,636,427,0.5983066792097836,0.9535232383808095
312,0,0,636,428,0.5977443609022557,0.9535232383808095
313,0,0,636,429,0.5971830985915493,0.9535232383808095
314,0,0,636,430,0.5966228893058161,0.9535232383808095
315,0,0,636,431,0.5960637300843487,0.9535232383808095
316,0,0,636,432,0.5955056179775281,0.9535232383808095
318,0,0,636,433,0.5949485500467727,0.9535232383808095
323,0,0,636,434,0.594392523364486,0.9535232383808095
324,0,0,636,435,0.5938375350140056,0.9535232383808095
325,0,0,636,436,0.5932835820895522,0.9535232383808095
326,0,0,636,437,0.5927306616961789,0.9535232383808095
328,0,0,636,438,0.5921787709497207,0.9535232383808095
336,0,0,636,439,0.5916279069767442,0.9535232383808095
337,0,0,636,440,0.5910780669144982,0.9535232383808095
338,0,0,636,441,0.5905292479108635,0.9535232383808095
339,0,0,636,442,0.5899814471243042,0.9535232383808095
347,0,0,636,443,0.5894346617238183,0.9535232383808095
372,0,0,636,444,0.5888888888888889,0.9535232383808095
387,0,0,636,445,0.5883441258094357,0.9535232383808095
389,0,0,636,446,0.5878003696857671,0.9535232383808095
397,0,0,636,447,0.5872576177285319,0.9535232383808095
398,0,0,636,448,0.5867158671586716,0.9535232383808095
399,0,0,636,449,0.5861751152073733,0.9535232383808095
400,0,0,636,450,0.585635359116022,0.9535232383808095
401,0,0,636,451,0.5850965961361545,0.9535232383808095
402,0,0,636,452,0.5845588235294118,0.9535232383808095
406,0,0,636,453,0.5840220385674931,0.9535232383808095
409,0,0,636,454,0.5834862385321101,0.9535232383808095
420,0,0,636,455,0.5829514207149404,0.9535232383808095
421,0,0,636,456,0.5824175824175825,0.9535232383808095
422,0,0,636,457,0.5818847209515096,0.9535232383808095
446,0,0,636,458,0.5813528336380256,0.9535232383808095
458,0,0,636,459,0.5808219178082191,0.9535232383808095
459,0,0,636,460,0.5802919708029197,0.9535232383808095
466,0,0,636,461,0.5797629899726527,0.9535232383808095
480,0,0,636,462,0.5792349726775956,0.9535232383808095
487,0,0,636,463,0.5787079162875342,0.9535232383808095
488,0,0,636,464,0.5781818181818181,0.9535232383808095
489,0,0,636,465,0.5776566757493188,0.9535232383808095
490,0,0,636,466,0.5771324863883848,0.9535232383808095
491,0,0,636,467,0.5766092475067996,0.9535232383808095
492,0,0,636,468,0.5760869565217391,0.9535232383808095
493,0,0,636,469,0.5755656108597285,0.9535232383808095
494,0,0,636,470,0.5750452079566004,0.9535232383808095
496,0,0,636,471,0.5745257452574526,0.9535232383808095
497,0,0,636,472,0.5740072202166066,0.9535232383808095
498,0,0,636,473,0.5734896302975654,0.9535232383808095
502,0,0,636,474,0.572972972972973,0.9535232383808095
506,0,0,636,475,0.5724572457245725,0.9535232383808095
507,0,0,636,476,0.5719424460431655,0.9535232383808095
508,0,0,636,477,0.5714285714285714,0.9535232383808095
509,0,0,636,478,0.5709156193895871,0.9535232383808095
510,0,0,636,479,0.5704035874439461,0.9535232383808095
520,0,0,636,480,0.5698924731182796,0.9535232383808095
521,0,0,636,481,0.5693822739480752,0.9535232383808095
522,0,0,636,482,0.5688729874776386,0.9535232383808095
525,0,0,636,483,0.5683646112600537,0.9535232383808095
526,0,0,636,484,0.5678571428571428,0.9535232383808095
824,7,2,637,484,0.568242640499554,0.9550224887556222
380,0,0,637,485,0.5677361853832442,0.9550224887556222
715,7,2,638,485,0.5681211041852182,0.9565217391304348
790,7,2,639,485,0.5685053380782918,0.9580209895052474
912,7,2,640,485,0.5688888888888889,0.95952023988006
72,0,0,640,486,0.5683836589698046,0.95952023988006
79,2,2,640,487,0.5678793256433008,0.95952023988006
71,1,1,640,488,0.5673758865248227,0.95952023988006
62,2,2,640,489,0.566873339238264,0.95952023988006
749,7,2,641,489,0.5672566371681416,0.9610194902548725
1058,7,2,642,489,0.5676392572944297,0.9625187406296851
801,7,2,643,489,0.5680212014134276,0.9640179910044977
1041,7,2,644,489,0.5684024713150927,0.9655172413793104
188,1,1,644,490,0.5679012345679012,0.9655172413793104
998,7,2,645,490,0.5682819383259912,0.967016491754123
920,7,2,646,490,0.5686619718309859,0.9685157421289355
98,0,0,646,491,0.5681618293755497,0.9685157421289355
539,7,2,647,491,0.5685413005272407,0.9700149925037481
652,7,2,648,491,0.568920105355575,0.9715142428785607
31,1,1,648,492,0.5684210526315789,0.9715142428785607
17,0,0,648,493,0.567922874671341,0.9715142428785607
30,0,0,648,494,0.5674255691768827,0.9715142428785607
64,0,0,648,495,0.5669291338582677,0.9715142428785607
65,0,0,648,496,0.5664335664335665,0.9715142428785607
103,0,0,648,497,0.5659388646288209,0.9715142428785607
151,0,0,648,498,0.5654450261780105,0.9715142428785607
258,0,0,648,499,0.5649520488230165,0.9715142428785607
259,0,0,648,500,0.5644599303135889,0.9715142428785607
276,0,0,648,501,0.5639686684073107,0.9715142428785607
311,0,0,648,502,0.5634782608695652,0.9715142428785607
330,0,0,648,503,0.5629887054735013,0.9715142428785607
388,0,0,648,504,0.5625,0.9715142428785607
391,0,0,648,505,0.562012142237641,0.9715142428785607
411,0,0,648,506,0.561525129982669,0.9715142428785607
419,0,0,648,507,0.561038961038961,0.9715142428785607
447,0,0,648,508,0.5605536332179931,0.9715142428785607
460,0,0,648,509,0.5600691443388073,0.9715142428785607
464,0,0,648,510,0.5595854922279793,0.9715142428785607
470,0,0,648,511,0.5591026747195859,0.9715142428785607
471,0,0,648,512,0.5586206896551724,0.9715142428785607
472,0,0,648,513,0.5581395348837209,0.9715142428785607
495,0,0,648,514,0.5576592082616179,0.9715142428785607
523,0,0,648,515,0.5571797076526225,0.9715142428785607
566,7,2,649,515,0.5575601374570447,0.9730134932533733
19,2,2,649,516,0.5570815450643777,0.9730134932533733
1164,7,2,650,516,0.5574614065180102,0.974512743628186
830,7,2,651,516,0.5578406169665809,0.9760119940029985
595,7,2,652,516,0.5582191780821918,0.9775112443778111
803,7,2,653,516,0.5585970915312233,0.9790104947526237
369,0,0,653,517,0.5581196581196581,0.9790104947526237
1063,7,2,654,517,0.5584970111016225,0.9805097451274363
1032,7,2,655,517,0.5588737201365188,0.9820089955022488
981,7,2,656,517,0.5592497868712702,0.9835082458770614
1027,7,2,657,517,0.5596252129471891,0.9850074962518741
606,7,2,658,517,0.56,0.9865067466266867
1036,7,2,659,517,0.560374149659864,0.9880059970014993
1068,7,2,660,517,0.5607476635514018,0.9895052473763118
764,7,2,661,517,0.5611205432937182,0.9910044977511244
767,7,2,662,517,0.5614927905004241,0.992503748125937
1128,7,2,663,517,0.561864406779661,0.9940029985007496
857,7,2,664,517,0.5622353937341237,0.9955022488755623
75,2,2,664,518,0.5617597292724196,0.9955022488755623
527,0,0,664,519,0.5612848689771767,0.9955022488755623
99,2,2,664,520,0.5608108108108109,0.9955022488755623
720,7,2,665,520,0.5611814345991561,0.9970014992503748
610,7,2,666,520,0.5615514333895447,0.9985007496251874
1096,7,2,667,520,0.5619208087615838,1.0
27,2,2,667,521,0.5614478114478114,1.0
34,2,2,667,522,0.5609756097560976,1.0
74,2,2,667,523,0.5605042016806723,1.0
84,2,2,667,524,0.5600335852225021,1.0
85,2,2,667,525,0.5595637583892618,1.0
35,2,2,667,526,0.559094719195306,1.0
83,2,2,667,527,0.5586264656616415,1.0
28,2,2,667,528,0.5581589958158996,1.0
36,2,2,667,529,0.5576923076923077,1.0


Total: 1196
best inspection count: 964, percent: 0.8060200668896321
best performance -- precision: 65.98%, recall: 95.35%                f1: 77.99%

====================================
classifier acc on testing set: 0.4414715719063545
use drift closest family as prediction accuracy on testing set: 0.3988294314381271
