sample_idx,real_label,pred_label,closest_label,is_drift,pred_prob,min_distance,min_anomaly_score
0,2,2,2,Y,0.9999921321868896,15.827251434326172,0.8657613262666267
1,2,2,2,Y,0.9999977350234985,6.0784912109375,0.997157364894459
2,2,2,2,Y,0.9999921321868896,10.769490242004395,0.10074083859329214
3,2,2,2,Y,0.9999953508377075,11.036612510681152,0.04969567431184772
4,3,3,3,Y,0.9752564430236816,8.449850082397461,0.4463507194706835
5,3,3,3,Y,0.7887687683105469,7.61246395111084,0.9721373519212955
6,2,2,2,Y,0.9999994039535522,12.637622833251953,0.2562460030209699
7,2,2,2,Y,0.9999762773513794,8.116708755493164,0.6076684992953675
8,2,2,2,Y,0.9999932050704956,10.482003211975098,0.15567756382149792
9,2,2,2,Y,0.9999994039535522,19.76108169555664,1.6174882898572833
10,2,2,2,Y,0.9999994039535522,19.76108169555664,1.6174882898572833
11,3,1,1,Y,0.5175809264183044,9.10799789428711,0.2736262587794097
12,2,2,2,Y,0.9999996423721313,9.358227729797363,0.3704230599097955
13,6,6,6,N,0.999962329864502,6.93934965133667,0.0
14,0,0,0,Y,0.999980092048645,8.803197860717773,0.6744907594765952
15,3,3,3,Y,0.9663224220275879,7.2127509117126465,0.28505765523367027
16,3,3,3,Y,0.9209330677986145,5.773120880126953,0.9277185640935894
17,3,3,3,Y,0.8542728424072266,12.150900840759277,0.1821544163702793
18,3,3,3,Y,0.8645550012588501,7.647145748138428,0.6341288675794171
19,3,3,3,Y,0.9346561431884766,11.014036178588867,0.35699861267998645
20,3,3,3,Y,0.9700062274932861,8.41993522644043,0.2855530534638846
21,3,3,3,Y,0.966864824295044,7.645489692687988,0.9503890177104481
22,3,3,3,Y,0.9745373725891113,9.907768249511719,0.678638588138749
23,2,2,2,Y,0.9974232912063599,21.722801208496094,1.9923589260949663
24,2,2,2,Y,0.9999991655349731,19.00333023071289,1.4726873782782486
25,2,2,2,Y,0.9999309778213501,9.830365180969238,0.28020095346439694
26,2,2,2,Y,0.9999996423721313,11.398435592651367,0.019446141349869717
27,2,2,2,Y,0.999993085861206,20.120973587036133,1.6862610687616162
28,3,3,3,Y,0.8850234746932983,5.805327892303467,0.6821621286241646
29,3,3,3,Y,0.9983799457550049,11.843795776367188,0.2511068586770433
30,3,3,3,Y,0.9361757040023804,7.81230354309082,0.4809792203467951
31,3,3,3,Y,0.9499326348304749,7.408936500549316,0.4115652464809285
32,3,3,3,Y,0.9788685441017151,8.796372413635254,0.9239444815175734
33,3,3,3,Y,0.8432073593139648,7.52726936340332,0.6560572340919111
34,3,3,3,Y,0.9813317060470581,8.521795272827148,0.9952194207571611
35,2,2,2,Y,0.9999772310256958,19.856693267822266,1.6357589807947426
36,2,2,2,Y,0.9999988079071045,9.473429679870605,0.34840878720927665
37,2,2,2,Y,0.9999988079071045,9.473429679870605,0.34840878720927665
38,3,3,3,Y,0.9696496725082397,8.404537200927734,0.3219374612730856
39,3,3,4,Y,0.933712363243103,8.056560516357422,0.572512066855213
40,3,3,3,Y,0.9713087677955627,8.360677719116211,0.924675265417382
41,2,2,2,Y,0.9999936819076538,20.940441131591797,1.8428554839047941
42,2,2,2,Y,0.9999996423721313,11.398435592651367,0.019446141349869717
43,3,3,3,Y,0.9788685441017151,8.796372413635254,0.9239444815175734
44,3,3,3,Y,0.9339458346366882,7.377432823181152,0.257446815915217
45,3,3,3,Y,0.9869173765182495,5.246590614318848,0.5659338449236917
46,3,3,3,Y,0.9530904293060303,12.743107795715332,0.04918977127039365
47,3,3,3,Y,0.9974746108055115,8.144948959350586,0.9385255695060308
48,3,3,3,Y,0.7716730833053589,8.147483825683594,0.3127795888396301
49,0,0,0,Y,0.9999345541000366,5.855344295501709,0.133715981787255
50,3,3,3,Y,0.9713087677955627,8.360677719116211,0.924675265417382
51,3,3,1,Y,0.9998617172241211,34.13018798828125,4.896256992923833
52,3,3,3,Y,0.9185972213745117,5.86600923538208,0.8636502827584077
53,3,3,3,Y,0.9614487886428833,7.052092552185059,0.352944288376484
54,3,3,3,Y,0.9749317169189453,6.930324077606201,0.34733176382562136
55,3,3,3,Y,0.9860482215881348,6.234961986541748,0.8589191062217636
56,3,3,3,Y,0.9670376777648926,7.079631328582764,0.3079389638567758
57,2,2,2,Y,0.9999996423721313,12.283011436462402,0.18848228906756984
58,0,0,0,Y,0.9999555349349976,7.087649345397949,0.20414247236788804
59,2,2,2,Y,0.9999066591262817,9.8582181930542,0.2748784411008532
60,2,2,2,Y,0.9998677968978882,9.161563873291016,0.40800412311848183
61,0,0,0,Y,0.9999555349349976,7.087649345397949,0.20414247236788804
62,0,0,0,Y,0.9999555349349976,7.087649345397949,0.20414247236788804
63,0,0,0,Y,0.9999555349349976,7.087649345397949,0.20414247236788804
64,0,0,0,Y,0.9999555349349976,7.087649345397949,0.20414247236788804
65,0,0,0,Y,0.9999555349349976,7.087649345397949,0.20414247236788804
66,0,0,0,Y,0.9999555349349976,7.087649345397949,0.20414247236788804
67,0,0,0,Y,0.9999555349349976,7.087649345397949,0.20414247236788804
68,0,0,0,Y,0.9999555349349976,7.087649345397949,0.20414247236788804
69,0,0,0,Y,0.9999555349349976,7.087649345397949,0.20414247236788804
70,0,0,0,Y,0.9999555349349976,7.087649345397949,0.20414247236788804
71,0,0,0,Y,0.9999555349349976,7.087649345397949,0.20414247236788804
72,0,0,0,Y,0.9999555349349976,7.087649345397949,0.20414247236788804
73,0,0,0,Y,0.9999555349349976,7.087649345397949,0.20414247236788804
74,0,0,0,Y,0.9999555349349976,7.087649345397949,0.20414247236788804
75,0,0,0,Y,0.9999555349349976,7.087649345397949,0.20414247236788804
76,0,0,0,Y,0.9999555349349976,7.087649345397949,0.20414247236788804
77,0,0,0,Y,0.9999555349349976,7.087649345397949,0.20414247236788804
78,0,0,0,Y,0.9999555349349976,7.087649345397949,0.20414247236788804
79,0,0,0,Y,0.9999555349349976,7.087649345397949,0.20414247236788804
80,0,0,0,Y,0.9999555349349976,7.087649345397949,0.20414247236788804
81,0,0,0,Y,0.9999555349349976,7.087649345397949,0.20414247236788804
82,0,0,0,Y,0.9999555349349976,7.087649345397949,0.20414247236788804
83,0,0,0,Y,0.9999555349349976,7.087649345397949,0.20414247236788804
84,0,0,0,Y,0.9999555349349976,7.087649345397949,0.20414247236788804
85,0,0,0,Y,0.9999555349349976,7.087649345397949,0.20414247236788804
86,0,0,0,Y,0.9999555349349976,7.087649345397949,0.20414247236788804
87,0,0,0,Y,0.9999555349349976,7.087649345397949,0.20414247236788804
88,0,0,0,Y,0.9999555349349976,7.087649345397949,0.20414247236788804
89,0,0,0,Y,0.9999555349349976,7.087649345397949,0.20414247236788804
90,0,0,0,Y,0.9999555349349976,7.087649345397949,0.20414247236788804
91,0,0,0,Y,0.9999555349349976,7.087649345397949,0.20414247236788804
92,0,0,0,Y,0.9999555349349976,7.087649345397949,0.20414247236788804
93,0,0,0,Y,0.9999555349349976,7.087649345397949,0.20414247236788804
94,0,0,0,Y,0.9999555349349976,7.087649345397949,0.20414247236788804
95,0,0,0,Y,0.9999555349349976,7.087649345397949,0.20414247236788804
96,0,0,0,Y,0.9999555349349976,7.087649345397949,0.20414247236788804
97,0,0,0,Y,0.9999555349349976,7.087649345397949,0.20414247236788804
98,0,0,0,Y,0.9999555349349976,7.087649345397949,0.20414247236788804
99,0,0,0,Y,0.9999555349349976,7.087649345397949,0.20414247236788804
100,0,0,0,Y,0.9999555349349976,7.087649345397949,0.20414247236788804
101,0,0,0,Y,0.9999555349349976,7.087649345397949,0.20414247236788804
102,0,0,0,Y,0.9999555349349976,7.087649345397949,0.20414247236788804
103,0,0,0,Y,0.9999555349349976,7.087649345397949,0.20414247236788804
104,0,0,0,Y,0.9999555349349976,7.087649345397949,0.20414247236788804
105,0,0,0,Y,0.9999555349349976,7.087649345397949,0.20414247236788804
106,0,0,0,Y,0.9999555349349976,7.087649345397949,0.20414247236788804
107,0,0,0,Y,0.9999555349349976,7.087649345397949,0.20414247236788804
108,0,0,0,Y,0.9999555349349976,7.087649345397949,0.20414247236788804
109,0,0,0,Y,0.9999555349349976,7.087649345397949,0.20414247236788804
110,0,0,0,Y,0.9999555349349976,7.087649345397949,0.20414247236788804
111,0,0,0,Y,0.9999555349349976,7.087649345397949,0.20414247236788804
112,0,0,0,Y,0.9999555349349976,7.087649345397949,0.20414247236788804
113,0,0,0,Y,0.9999555349349976,7.087649345397949,0.20414247236788804
114,0,0,0,Y,0.9999555349349976,7.087649345397949,0.20414247236788804
115,0,0,0,Y,0.9999555349349976,7.087649345397949,0.20414247236788804
116,0,0,0,Y,0.9999555349349976,7.087649345397949,0.20414247236788804
117,0,0,0,Y,0.9999555349349976,7.087649345397949,0.20414247236788804
118,0,0,0,Y,0.9999555349349976,7.087649345397949,0.20414247236788804
119,2,2,2,Y,0.9999136924743652,14.132060050964355,0.5418223185573755
120,0,0,0,Y,0.9999345541000366,5.855344295501709,0.133715981787255
121,3,3,3,Y,0.827062726020813,11.698336601257324,0.28376592732381445
122,3,3,4,Y,0.8442383408546448,7.921545028686523,0.49376293576233365
123,3,3,3,Y,0.9857823848724365,7.885019302368164,0.9322767215639503
124,2,2,2,Y,0.9999853372573853,19.86231231689453,1.6368327410784516
125,0,0,0,Y,0.9999555349349976,7.087649345397949,0.20414247236788804
126,0,0,0,Y,0.9999555349349976,7.087649345397949,0.20414247236788804
127,0,0,0,N,0.999607503414154,6.34306001663208,0.0
128,0,0,0,N,0.999607503414154,6.34306001663208,0.0
129,0,0,0,N,0.999607503414154,6.34306001663208,0.0
130,3,3,3,Y,0.9357185363769531,6.163967609405518,0.9423381608691255
131,3,3,3,Y,0.9658218622207642,6.197946071624756,0.39478404289274205
132,0,0,0,Y,0.9999555349349976,7.087649345397949,0.20414247236788804
133,0,0,0,Y,0.9999345541000366,5.855344295501709,0.133715981787255
134,2,2,2,Y,0.9999984502792358,5.514285564422607,1.1049730481676563
135,0,0,0,Y,0.9999555349349976,7.087649345397949,0.20414247236788804
136,2,2,2,Y,0.9999998807907104,20.165699005126953,1.6948077778222705
137,3,3,3,Y,0.9280632734298706,6.29731559753418,0.6724981599920682
138,3,3,3,Y,0.9339458346366882,7.377432823181152,0.257446815915217
139,3,3,3,Y,0.900459885597229,5.832036972045898,0.9684539590999677
140,0,0,0,Y,0.9999555349349976,7.087649345397949,0.20414247236788804
141,0,0,0,Y,0.9999555349349976,7.087649345397949,0.20414247236788804
142,0,0,0,N,0.999607503414154,6.34306001663208,0.0
143,0,0,0,Y,0.9999555349349976,7.087649345397949,0.20414247236788804
144,0,0,0,Y,0.9999555349349976,7.087649345397949,0.20414247236788804
145,0,0,0,Y,0.9999555349349976,7.087649345397949,0.20414247236788804
146,2,2,2,Y,0.999991774559021,18.324424743652344,1.3429533718614524
147,0,0,0,N,0.999607503414154,6.34306001663208,0.0
148,2,2,2,Y,0.9999921321868896,15.827251434326172,0.8657613262666267
149,0,0,0,Y,0.9999555349349976,7.087649345397949,0.20414247236788804
150,0,0,0,Y,0.9999555349349976,7.087649345397949,0.20414247236788804
151,0,0,0,Y,0.9999555349349976,7.087649345397949,0.20414247236788804
152,0,0,0,Y,0.9999555349349976,7.087649345397949,0.20414247236788804
153,0,0,0,Y,0.9999555349349976,7.087649345397949,0.20414247236788804
154,0,0,0,Y,0.9999555349349976,7.087649345397949,0.20414247236788804
155,0,0,0,Y,0.9999555349349976,7.087649345397949,0.20414247236788804
156,0,0,0,Y,0.9999555349349976,7.087649345397949,0.20414247236788804
157,0,0,0,Y,0.9999555349349976,7.087649345397949,0.20414247236788804
158,0,0,0,Y,0.9999555349349976,7.087649345397949,0.20414247236788804
159,0,0,4,Y,0.8353753089904785,10.309048652648926,0.07986627760540964
160,0,0,4,Y,0.8353753089904785,10.309048652648926,0.07986627760540964
161,0,0,4,Y,0.8353753089904785,10.309048652648926,0.07986627760540964
162,2,2,2,Y,0.9999790191650391,27.56751251220703,3.109241656065202
163,3,3,5,Y,0.9999194145202637,30.852054595947266,4.16058869435043
164,0,0,0,Y,0.9999555349349976,7.087649345397949,0.20414247236788804
165,3,3,3,Y,0.9556831121444702,6.685233116149902,0.39760748363670445
166,3,1,3,Y,0.5741701722145081,10.337407112121582,0.5710192887993845
167,0,0,0,Y,0.9999345541000366,5.855344295501709,0.133715981787255
168,0,0,0,Y,0.9999345541000366,5.855344295501709,0.133715981787255
169,0,0,0,Y,0.9999555349349976,7.087649345397949,0.20414247236788804
170,0,0,0,Y,0.9999555349349976,7.087649345397949,0.20414247236788804
171,0,0,0,Y,0.9999555349349976,7.087649345397949,0.20414247236788804
172,0,0,0,Y,0.9999555349349976,7.087649345397949,0.20414247236788804
173,0,0,0,Y,0.9999555349349976,7.087649345397949,0.20414247236788804
174,2,2,2,Y,0.9999996423721313,8.76805591583252,0.4832006929665437
175,0,0,0,Y,0.9999436140060425,6.672200679779053,0.09023979546281832
176,3,3,3,Y,0.9695023894309998,10.233684539794922,0.5487483815670787
177,3,3,3,Y,0.8114709258079529,5.85516357421875,0.3379578747220143
178,3,3,3,Y,0.9499326348304749,7.408936500549316,0.4115652464809285
179,3,3,3,Y,0.8530128002166748,4.2735795974731445,0.5994997495128195
180,3,3,3,Y,0.9473851919174194,8.05306339263916,0.9375526715697005
181,3,3,3,Y,0.9978681802749634,11.729775428771973,0.2767071575679747
182,3,3,3,Y,0.7623613476753235,7.5908732414245605,0.7732217957598696
183,3,3,3,Y,0.9972533583641052,10.339312553405762,0.5888993755086677
184,3,3,3,Y,0.7612967491149902,8.233484268188477,0.4596415051295442
185,3,3,3,Y,0.9587082266807556,7.519702434539795,0.47180242073843104
186,3,3,3,Y,0.9481942057609558,4.5487518310546875,0.40725046779227186
187,3,3,3,Y,0.9660386443138123,6.277021408081055,0.3825206736631548
188,3,3,3,Y,0.9693508148193359,5.484931468963623,0.312377386372824
189,3,3,3,Y,0.9530904293060303,12.743107795715332,0.04918977127039365
190,3,3,3,Y,0.995018482208252,17.81044578552246,1.0885489732296116
191,3,3,3,Y,0.9896488189697266,8.431710243225098,0.49605060055819106
192,3,3,2,Y,0.9517148733139038,19.70201873779297,1.529765121637342
193,2,2,2,Y,0.9999998807907104,9.749070167541504,0.29573585190711144
194,3,3,1,Y,0.9973970651626587,21.131763458251953,2.158015329197789
195,3,3,3,Y,0.9918079972267151,9.268799781799316,0.8292551321581457
196,3,3,3,Y,0.7841858267784119,5.6752214431762695,0.6288000449220202
197,3,3,3,Y,0.5250964760780334,9.337252616882324,0.8138858311954974
198,3,3,3,Y,0.9645764827728271,9.653607368469238,0.1750658756655551
199,3,3,3,Y,0.9976593255996704,14.574332237243652,0.36196397477792436
200,2,2,2,Y,0.9999982118606567,6.339785575866699,0.9472258715386331
201,0,0,0,Y,0.9784875512123108,4.431699275970459,0.5240337083964219
202,3,3,3,Y,0.9567137956619263,7.724420547485352,0.8360532273608118
203,2,2,4,Y,0.9962239265441895,15.351101875305176,0.9004923322660595
204,3,3,5,Y,0.9999194145202637,30.852054595947266,4.16058869435043
205,3,3,3,Y,0.9537339806556702,9.469285011291504,0.7842413963954917
206,0,0,0,Y,0.9999345541000366,5.855344295501709,0.133715981787255
207,2,2,2,Y,0.9999942779541016,11.95879077911377,0.126526029112973
208,0,0,0,N,0.999607503414154,6.34306001663208,0.0
209,2,2,2,Y,0.9999933242797852,17.275562286376953,1.1425232216329468
210,0,0,0,Y,0.8218188285827637,6.542901039123535,0.05478998803212823
211,2,2,2,Y,0.9999998807907104,21.629507064819336,1.9745310792663686
212,2,2,2,Y,1.0,25.550683975219727,2.7238400775745664
213,0,0,0,Y,0.8218188285827637,6.542901039123535,0.05478998803212823
214,0,0,0,Y,0.8218188285827637,6.542901039123535,0.05478998803212823
215,2,2,2,Y,0.9999998807907104,17.6643009185791,1.2168084073705492
216,2,2,2,Y,0.9974086880683899,12.771088600158691,0.28175036112429036
217,2,2,2,Y,0.9975178241729736,15.699896812438965,0.8414247644800079
218,0,0,0,Y,0.8218188285827637,6.542901039123535,0.05478998803212823
219,0,0,0,Y,0.8218188285827637,6.542901039123535,0.05478998803212823
220,0,0,0,Y,0.8218188285827637,6.542901039123535,0.05478998803212823
221,0,0,0,Y,0.8218188285827637,6.542901039123535,0.05478998803212823
222,0,0,0,Y,0.8218188285827637,6.542901039123535,0.05478998803212823
223,0,0,0,Y,0.8218188285827637,6.542901039123535,0.05478998803212823
224,2,2,2,Y,0.9987598657608032,10.620233535766602,0.12926273280958794
225,0,0,0,Y,0.8218188285827637,6.542901039123535,0.05478998803212823
226,0,0,0,Y,0.8218188285827637,6.542901039123535,0.05478998803212823
227,0,0,0,Y,0.8218188285827637,6.542901039123535,0.05478998803212823
228,0,0,0,Y,0.8218188285827637,6.542901039123535,0.05478998803212823
229,0,0,0,Y,0.8218188285827637,6.542901039123535,0.05478998803212823
230,2,2,2,Y,0.9999101161956787,16.379182815551758,0.9712314848060369
231,2,2,2,Y,0.9977419376373291,10.594413757324219,0.13419670869572717
232,2,2,2,Y,0.9999997615814209,19.72040367126465,1.6097150089439576
233,2,2,2,Y,0.9999998807907104,19.761783599853516,1.6176224187725599
234,2,2,2,Y,0.9999998807907104,18.906553268432617,1.4541939896037404
235,2,2,2,Y,0.9999998807907104,17.74509620666504,1.2322478118572786
236,0,0,0,Y,0.8218188285827637,6.542901039123535,0.05478998803212823
237,0,0,0,Y,0.8218188285827637,6.542901039123535,0.05478998803212823
238,0,0,0,Y,0.8218188285827637,6.542901039123535,0.05478998803212823
239,0,0,0,Y,0.8218188285827637,6.542901039123535,0.05478998803212823
240,0,0,0,Y,0.8218188285827637,6.542901039123535,0.05478998803212823
241,0,0,0,Y,0.8218188285827637,6.542901039123535,0.05478998803212823
242,0,0,0,Y,0.8218188285827637,6.542901039123535,0.05478998803212823
243,0,0,0,Y,0.8218188285827637,6.542901039123535,0.05478998803212823
244,0,0,0,Y,0.8218188285827637,6.542901039123535,0.05478998803212823
245,0,0,0,Y,0.8218188285827637,6.542901039123535,0.05478998803212823
246,0,0,0,Y,0.8218188285827637,6.542901039123535,0.05478998803212823
247,0,0,0,Y,0.8218188285827637,6.542901039123535,0.05478998803212823
248,0,0,0,Y,0.9999555349349976,7.087649345397949,0.20414247236788804
249,0,0,0,Y,0.9999555349349976,7.087649345397949,0.20414247236788804
250,0,0,0,Y,0.9999555349349976,7.087649345397949,0.20414247236788804
251,2,2,2,Y,0.9999982118606567,3.6046345233917236,1.4698938155849404
252,0,0,0,Y,0.8218188285827637,6.542901039123535,0.05478998803212823
253,2,2,2,Y,0.9999921321868896,15.827251434326172,0.8657613262666267
254,0,0,0,Y,0.9999345541000366,5.855344295501709,0.133715981787255
255,2,2,2,Y,0.9999933242797852,17.275562286376953,1.1425232216329468
256,2,2,2,Y,0.9996148347854614,10.049081802368164,0.23840576384693893
257,2,2,2,Y,0.9999829530715942,7.44861364364624,0.7353367199524927
258,2,2,2,Y,0.9999933242797852,17.275562286376953,1.1425232216329468
259,2,2,2,Y,0.9998373985290527,9.593819618225098,0.3254031268741048
260,0,0,0,Y,0.99363774061203,5.35826301574707,0.2699996988599905
261,0,0,0,Y,0.99363774061203,5.35826301574707,0.2699996988599905
262,0,0,0,Y,0.8218188285827637,6.542901039123535,0.05478998803212823
263,0,0,0,Y,0.8218188285827637,6.542901039123535,0.05478998803212823
264,0,0,0,Y,0.8218188285827637,6.542901039123535,0.05478998803212823
265,0,0,0,Y,0.8218188285827637,6.542901039123535,0.05478998803212823
266,0,0,0,Y,0.8218188285827637,6.542901039123535,0.05478998803212823
267,0,0,0,Y,0.8218188285827637,6.542901039123535,0.05478998803212823
268,0,0,0,N,0.999607503414154,6.34306001663208,0.0
269,0,0,0,N,0.999607503414154,6.34306001663208,0.0
270,0,0,0,N,0.999607503414154,6.34306001663208,0.0
271,0,0,0,N,0.999607503414154,6.34306001663208,0.0
272,0,0,0,N,0.999607503414154,6.34306001663208,0.0
273,0,0,0,N,0.999607503414154,6.34306001663208,0.0
274,0,0,0,N,0.999607503414154,6.34306001663208,0.0
275,0,0,0,N,0.999607503414154,6.34306001663208,0.0
276,0,0,0,N,0.999607503414154,6.34306001663208,0.0
277,0,0,0,Y,0.99363774061203,5.35826301574707,0.2699996988599905
278,0,0,0,Y,0.8218188285827637,6.542901039123535,0.05478998803212823
279,0,0,0,Y,0.8218188285827637,6.542901039123535,0.05478998803212823
280,0,0,0,N,0.999607503414154,6.34306001663208,0.0
281,0,0,0,N,0.999607503414154,6.34306001663208,0.0
282,0,0,0,N,0.999607503414154,6.34306001663208,0.0
283,0,0,0,N,0.999607503414154,6.34306001663208,0.0
284,2,2,2,Y,0.9999933242797852,17.275562286376953,1.1425232216329468
285,0,0,0,Y,0.99363774061203,5.35826301574707,0.2699996988599905
286,0,0,0,Y,0.99363774061203,5.35826301574707,0.2699996988599905
287,2,2,2,Y,0.9999721050262451,7.671666145324707,0.6927129744745659
288,2,2,2,Y,0.999777615070343,10.176122665405273,0.21412915914337172
289,2,2,2,Y,0.9999721050262451,7.671666145324707,0.6927129744745659
290,2,2,2,Y,0.9999715089797974,14.436104774475098,0.5999231011592663
291,2,2,2,Y,0.9997162222862244,9.108963966369629,0.41805559094739553
292,0,0,0,Y,0.99363774061203,5.35826301574707,0.2699996988599905
293,0,0,0,Y,0.99363774061203,5.35826301574707,0.2699996988599905
294,2,2,2,Y,0.9999861717224121,10.723040580749512,0.1096170382501695
295,2,2,2,Y,0.9999933242797852,17.275562286376953,1.1425232216329468
296,2,2,2,Y,0.9998742341995239,14.929841995239258,0.6942727698357785
297,0,0,0,N,0.999607503414154,6.34306001663208,0.0
298,2,2,2,Y,0.9999433755874634,9.400894165039062,0.36226980781664403
299,2,2,2,Y,0.9999433755874634,9.400894165039062,0.36226980781664403
300,2,2,2,Y,0.9999433755874634,9.400894165039062,0.36226980781664403
301,0,0,0,N,0.999607503414154,6.34306001663208,0.0
302,0,0,4,Y,0.8353753089904785,10.309048652648926,0.07986627760540964
303,0,0,0,Y,0.99363774061203,5.35826301574707,0.2699996988599905
304,0,0,0,N,0.999607503414154,6.34306001663208,0.0
305,0,0,0,Y,0.9999555349349976,7.087649345397949,0.20414247236788804
306,0,0,0,Y,0.99363774061203,5.35826301574707,0.2699996988599905
307,0,0,0,Y,0.9999555349349976,7.087649345397949,0.20414247236788804
308,0,0,0,Y,0.99363774061203,5.35826301574707,0.2699996988599905
309,0,0,0,Y,0.9999555349349976,7.087649345397949,0.20414247236788804
310,0,0,0,Y,0.99363774061203,5.35826301574707,0.2699996988599905
311,0,0,0,Y,0.99363774061203,5.35826301574707,0.2699996988599905
312,0,0,0,Y,0.99363774061203,5.35826301574707,0.2699996988599905
313,0,0,0,Y,0.99363774061203,5.35826301574707,0.2699996988599905
314,0,0,0,Y,0.8218188285827637,6.542901039123535,0.05478998803212823
315,0,0,0,Y,0.8218188285827637,6.542901039123535,0.05478998803212823
316,0,0,0,Y,0.8218188285827637,6.542901039123535,0.05478998803212823
317,0,0,0,Y,0.8218188285827637,6.542901039123535,0.05478998803212823
318,0,0,0,Y,0.8218188285827637,6.542901039123535,0.05478998803212823
319,0,0,0,Y,0.8218188285827637,6.542901039123535,0.05478998803212823
320,2,2,2,Y,0.9999433755874634,9.400894165039062,0.36226980781664403
321,0,0,0,N,0.999607503414154,6.34306001663208,0.0
322,0,0,0,N,0.999607503414154,6.34306001663208,0.0
323,0,0,0,N,0.999607503414154,6.34306001663208,0.0
324,0,0,0,N,0.999607503414154,6.34306001663208,0.0
325,0,0,0,N,0.999607503414154,6.34306001663208,0.0
326,0,0,0,N,0.999607503414154,6.34306001663208,0.0
327,0,0,0,N,0.999607503414154,6.34306001663208,0.0
328,0,0,0,N,0.999607503414154,6.34306001663208,0.0
329,0,0,0,N,0.999607503414154,6.34306001663208,0.0
330,0,0,0,Y,0.99363774061203,5.35826301574707,0.2699996988599905
331,0,0,0,Y,0.8218188285827637,6.542901039123535,0.05478998803212823
332,0,0,0,Y,0.8218188285827637,6.542901039123535,0.05478998803212823
333,0,0,0,Y,0.8218188285827637,6.542901039123535,0.05478998803212823
334,0,0,0,Y,0.8218188285827637,6.542901039123535,0.05478998803212823
335,0,0,0,Y,0.8218188285827637,6.542901039123535,0.05478998803212823
336,0,0,0,Y,0.8218188285827637,6.542901039123535,0.05478998803212823
337,0,0,0,Y,0.99363774061203,5.35826301574707,0.2699996988599905
338,2,2,2,Y,0.9999966621398926,3.860008716583252,1.4210935793508257
339,2,2,2,Y,0.9999966621398926,3.860008716583252,1.4210935793508257
340,0,0,0,N,0.999607503414154,6.34306001663208,0.0
341,0,0,0,Y,0.99363774061203,5.35826301574707,0.2699996988599905
342,0,0,0,Y,0.8218188285827637,6.542901039123535,0.05478998803212823
343,0,0,0,Y,0.8218188285827637,6.542901039123535,0.05478998803212823
344,2,2,2,Y,0.9998769760131836,7.644266128540039,0.6979489226604516
345,0,0,0,Y,0.8218188285827637,6.542901039123535,0.05478998803212823
346,2,2,2,Y,0.9998295307159424,10.34038257598877,0.18274025936303873
347,0,0,0,Y,0.8218188285827637,6.542901039123535,0.05478998803212823
348,0,0,0,Y,0.8218188285827637,6.542901039123535,0.05478998803212823
349,0,0,0,N,0.999607503414154,6.34306001663208,0.0
350,0,0,0,N,0.999607503414154,6.34306001663208,0.0
351,0,0,0,Y,0.8218188285827637,6.542901039123535,0.05478998803212823
352,0,0,0,Y,0.8218188285827637,6.542901039123535,0.05478998803212823
353,0,0,0,N,0.999607503414154,6.34306001663208,0.0
354,3,3,3,Y,0.8091893792152405,9.67919635772705,0.7157469603882008
355,3,3,3,Y,0.5839789509773254,10.646933555603027,0.5198310928076214
356,0,0,0,Y,0.99363774061203,5.35826301574707,0.2699996988599905
357,0,0,0,Y,0.99363774061203,5.35826301574707,0.2699996988599905
358,0,0,0,Y,0.99363774061203,5.35826301574707,0.2699996988599905
359,0,0,0,N,0.999607503414154,6.34306001663208,0.0
360,0,0,0,N,0.999607503414154,6.34306001663208,0.0
361,0,0,0,Y,0.9999345541000366,5.855344295501709,0.133715981787255
362,0,0,0,Y,0.9999345541000366,5.855344295501709,0.133715981787255
363,0,0,0,N,0.999607503414154,6.34306001663208,0.0
364,0,0,0,Y,0.9999555349349976,7.087649345397949,0.20414247236788804
365,0,0,0,Y,0.9999555349349976,7.087649345397949,0.20414247236788804
366,0,0,0,Y,0.9999555349349976,7.087649345397949,0.20414247236788804
367,0,0,0,Y,0.9999555349349976,7.087649345397949,0.20414247236788804
368,0,0,0,Y,0.9999555349349976,7.087649345397949,0.20414247236788804
369,2,2,2,Y,0.9997819066047668,11.844444274902344,0.10467522602794753
370,0,0,0,Y,0.9999555349349976,7.087649345397949,0.20414247236788804
371,0,0,0,Y,0.9999555349349976,7.087649345397949,0.20414247236788804
372,0,0,0,Y,0.9999555349349976,7.087649345397949,0.20414247236788804
373,0,0,0,Y,0.9999555349349976,7.087649345397949,0.20414247236788804
374,0,0,0,N,0.999607503414154,6.34306001663208,0.0
375,0,0,4,Y,0.8353753089904785,10.309048652648926,0.07986627760540964
376,0,0,0,Y,0.9999555349349976,7.087649345397949,0.20414247236788804
377,0,0,0,Y,0.9999555349349976,7.087649345397949,0.20414247236788804
378,0,0,0,Y,0.9999555349349976,7.087649345397949,0.20414247236788804
379,0,0,0,Y,0.9999345541000366,5.855344295501709,0.133715981787255
380,0,0,0,Y,0.9999555349349976,7.087649345397949,0.20414247236788804
381,0,0,0,Y,0.9999555349349976,7.087649345397949,0.20414247236788804
382,0,0,0,Y,0.9999555349349976,7.087649345397949,0.20414247236788804
383,0,0,0,Y,0.9999555349349976,7.087649345397949,0.20414247236788804
384,0,0,0,Y,0.9999555349349976,7.087649345397949,0.20414247236788804
385,0,0,0,Y,0.9999555349349976,7.087649345397949,0.20414247236788804
386,0,0,0,Y,0.9999555349349976,7.087649345397949,0.20414247236788804
387,0,0,0,Y,0.9999555349349976,7.087649345397949,0.20414247236788804
388,0,0,0,Y,0.9999555349349976,7.087649345397949,0.20414247236788804
389,0,0,0,N,0.999607503414154,6.34306001663208,0.0
390,0,0,0,N,0.999607503414154,6.34306001663208,0.0
391,0,0,0,N,0.999607503414154,6.34306001663208,0.0
392,0,0,0,N,0.999607503414154,6.34306001663208,0.0
393,0,0,0,N,0.999607503414154,6.34306001663208,0.0
394,0,0,0,N,0.999607503414154,6.34306001663208,0.0
395,0,0,0,N,0.999607503414154,6.34306001663208,0.0
396,0,0,0,N,0.999607503414154,6.34306001663208,0.0
397,0,0,0,Y,0.9999555349349976,7.087649345397949,0.20414247236788804
398,0,0,0,N,0.999607503414154,6.34306001663208,0.0
399,0,0,0,Y,0.9999555349349976,7.087649345397949,0.20414247236788804
400,0,0,0,Y,0.9999555349349976,7.087649345397949,0.20414247236788804
401,0,0,0,Y,0.9999555349349976,7.087649345397949,0.20414247236788804
402,0,0,0,Y,0.9999555349349976,7.087649345397949,0.20414247236788804
403,0,0,0,Y,0.9999555349349976,7.087649345397949,0.20414247236788804
404,0,0,0,Y,0.9999555349349976,7.087649345397949,0.20414247236788804
405,0,0,0,Y,0.9999555349349976,7.087649345397949,0.20414247236788804
406,0,0,0,Y,0.9999555349349976,7.087649345397949,0.20414247236788804
407,0,0,0,Y,0.8218188285827637,6.542901039123535,0.05478998803212823
408,0,0,0,N,0.999607503414154,6.34306001663208,0.0
409,0,0,0,N,0.999607503414154,6.34306001663208,0.0
410,0,0,0,Y,0.8218188285827637,6.542901039123535,0.05478998803212823
411,0,0,0,N,0.999607503414154,6.34306001663208,0.0
412,0,0,4,Y,0.8353753089904785,10.309048652648926,0.07986627760540964
413,0,0,4,Y,0.8353753089904785,10.309048652648926,0.07986627760540964
414,0,0,0,Y,0.9999345541000366,5.855344295501709,0.133715981787255
415,0,0,0,Y,0.9999555349349976,7.087649345397949,0.20414247236788804
416,0,0,0,Y,0.9999555349349976,7.087649345397949,0.20414247236788804
417,0,0,0,Y,0.9999555349349976,7.087649345397949,0.20414247236788804
418,0,0,0,Y,0.9999555349349976,7.087649345397949,0.20414247236788804
419,0,0,0,Y,0.9999555349349976,7.087649345397949,0.20414247236788804
420,6,6,6,Y,0.9998819828033447,8.08680534362793,0.340355180084173
421,0,0,0,Y,0.9999555349349976,7.087649345397949,0.20414247236788804
422,0,0,0,N,0.999607503414154,6.34306001663208,0.0
423,0,0,4,Y,0.8353753089904785,10.309048652648926,0.07986627760540964
424,0,0,4,Y,0.8353753089904785,10.309048652648926,0.07986627760540964
425,0,0,4,Y,0.8353753089904785,10.309048652648926,0.07986627760540964
426,0,0,0,Y,0.9999555349349976,7.087649345397949,0.20414247236788804
427,0,0,0,Y,0.9999555349349976,7.087649345397949,0.20414247236788804
428,0,0,0,Y,0.9999555349349976,7.087649345397949,0.20414247236788804
429,0,0,0,Y,0.9999555349349976,7.087649345397949,0.20414247236788804
430,0,0,4,Y,0.8353753089904785,10.309048652648926,0.07986627760540964
431,0,0,0,Y,0.9999555349349976,7.087649345397949,0.20414247236788804
432,0,0,0,N,0.999607503414154,6.34306001663208,0.0
433,0,0,0,Y,0.9999345541000366,5.855344295501709,0.133715981787255
434,0,0,0,N,0.999607503414154,6.34306001663208,0.0
435,0,0,4,Y,0.8353753089904785,10.309048652648926,0.07986627760540964
436,0,0,4,Y,0.8353753089904785,10.309048652648926,0.07986627760540964
437,0,0,4,Y,0.8353753089904785,10.309048652648926,0.07986627760540964
438,0,0,4,Y,0.8353753089904785,10.309048652648926,0.07986627760540964
439,0,0,0,Y,0.9999555349349976,7.087649345397949,0.20414247236788804
440,0,0,0,Y,0.9999555349349976,7.087649345397949,0.20414247236788804
441,0,0,0,Y,0.9999555349349976,7.087649345397949,0.20414247236788804
442,0,0,0,Y,0.9999555349349976,7.087649345397949,0.20414247236788804
443,0,0,4,Y,0.8353753089904785,10.309048652648926,0.07986627760540964
444,0,0,4,Y,0.8353753089904785,10.309048652648926,0.07986627760540964
445,0,0,4,Y,0.8353753089904785,10.309048652648926,0.07986627760540964
446,0,0,4,Y,0.8353753089904785,10.309048652648926,0.07986627760540964
447,0,0,4,Y,0.8353753089904785,10.309048652648926,0.07986627760540964
448,0,0,4,Y,0.8353753089904785,10.309048652648926,0.07986627760540964
449,0,0,4,Y,0.8353753089904785,10.309048652648926,0.07986627760540964
450,0,0,0,Y,0.9999555349349976,7.087649345397949,0.20414247236788804
451,0,0,0,Y,0.8218188285827637,6.542901039123535,0.05478998803212823
452,0,0,0,Y,0.8218188285827637,6.542901039123535,0.05478998803212823
453,0,0,0,Y,0.8218188285827637,6.542901039123535,0.05478998803212823
454,0,0,0,Y,0.8218188285827637,6.542901039123535,0.05478998803212823
455,0,0,0,Y,0.8218188285827637,6.542901039123535,0.05478998803212823
456,0,0,0,Y,0.8218188285827637,6.542901039123535,0.05478998803212823
457,0,0,0,N,0.999607503414154,6.34306001663208,0.0
458,0,0,0,N,0.999607503414154,6.34306001663208,0.0
459,0,0,0,N,0.999607503414154,6.34306001663208,0.0
460,0,0,0,N,0.999607503414154,6.34306001663208,0.0
461,0,0,0,N,0.999607503414154,6.34306001663208,0.0
462,0,0,0,N,0.999607503414154,6.34306001663208,0.0
463,0,0,0,N,0.999607503414154,6.34306001663208,0.0
464,0,0,0,N,0.999607503414154,6.34306001663208,0.0
465,0,0,0,N,0.999607503414154,6.34306001663208,0.0
466,0,0,0,Y,0.8218188285827637,6.542901039123535,0.05478998803212823
467,0,0,0,Y,0.8218188285827637,6.542901039123535,0.05478998803212823
468,0,0,0,Y,0.8218188285827637,6.542901039123535,0.05478998803212823
469,0,0,0,Y,0.8218188285827637,6.542901039123535,0.05478998803212823
470,0,0,0,Y,0.8218188285827637,6.542901039123535,0.05478998803212823
471,0,0,0,Y,0.8218188285827637,6.542901039123535,0.05478998803212823
472,0,0,0,Y,0.9831820130348206,3.09700345993042,0.8899644210982758
473,0,0,0,N,0.999607503414154,6.34306001663208,0.0
474,0,0,0,N,0.999607503414154,6.34306001663208,0.0
475,0,0,0,Y,0.9999555349349976,7.087649345397949,0.20414247236788804
476,0,0,0,Y,0.8218188285827637,6.542901039123535,0.05478998803212823
477,0,0,0,Y,0.8218188285827637,6.542901039123535,0.05478998803212823
478,0,0,0,Y,0.8218188285827637,6.542901039123535,0.05478998803212823
479,0,0,0,Y,0.8218188285827637,6.542901039123535,0.05478998803212823
480,0,0,0,Y,0.8218188285827637,6.542901039123535,0.05478998803212823
481,0,0,0,N,0.999607503414154,6.34306001663208,0.0
482,0,0,0,N,0.999607503414154,6.34306001663208,0.0
483,0,0,0,Y,0.983130693435669,2.6066107749938965,1.0244143403577923
484,0,0,0,Y,0.8218188285827637,6.542901039123535,0.05478998803212823
485,0,0,0,Y,0.8218188285827637,6.542901039123535,0.05478998803212823
486,0,0,0,N,0.999607503414154,6.34306001663208,0.0
487,0,0,4,Y,0.8353753089904785,10.309048652648926,0.07986627760540964
488,0,0,4,Y,0.8353753089904785,10.309048652648926,0.07986627760540964
489,2,2,2,Y,0.9999966621398926,3.860008716583252,1.4210935793508257
490,0,0,0,Y,0.9999555349349976,7.087649345397949,0.20414247236788804
491,0,0,0,Y,0.9999345541000366,5.855344295501709,0.133715981787255
492,0,0,0,Y,0.9999555349349976,7.087649345397949,0.20414247236788804
493,0,0,0,N,0.999607503414154,6.34306001663208,0.0
494,0,0,0,Y,0.9999345541000366,5.855344295501709,0.133715981787255
495,0,0,4,Y,0.8353753089904785,10.309048652648926,0.07986627760540964
496,0,0,4,Y,0.8353753089904785,10.309048652648926,0.07986627760540964
497,0,0,4,Y,0.8353753089904785,10.309048652648926,0.07986627760540964
498,2,2,2,Y,0.9999996423721313,10.477998733520508,0.15644279115199577
499,0,0,4,Y,0.8353753089904785,10.309048652648926,0.07986627760540964
500,0,0,0,Y,0.9999555349349976,7.087649345397949,0.20414247236788804
501,0,0,0,Y,0.9999555349349976,7.087649345397949,0.20414247236788804
502,0,0,0,Y,0.9999555349349976,7.087649345397949,0.20414247236788804
503,0,0,0,Y,0.9999555349349976,7.087649345397949,0.20414247236788804
504,0,0,0,Y,0.9999555349349976,7.087649345397949,0.20414247236788804
505,0,0,0,Y,0.9999555349349976,7.087649345397949,0.20414247236788804
506,0,0,4,Y,0.8353753089904785,10.309048652648926,0.07986627760540964
507,0,0,4,Y,0.8353753089904785,10.309048652648926,0.07986627760540964
508,0,0,4,Y,0.8353753089904785,10.309048652648926,0.07986627760540964
509,0,0,0,Y,0.9999555349349976,7.087649345397949,0.20414247236788804
510,0,0,0,N,0.999607503414154,6.34306001663208,0.0
511,0,0,0,N,0.999607503414154,6.34306001663208,0.0
512,0,0,0,Y,0.9999555349349976,7.087649345397949,0.20414247236788804
513,0,0,0,Y,0.8218188285827637,6.542901039123535,0.05478998803212823
514,0,0,0,Y,0.9999345541000366,5.855344295501709,0.133715981787255
515,0,0,0,N,0.999607503414154,6.34306001663208,0.0
516,2,2,2,Y,0.9999986886978149,11.45989990234375,0.031191533455272445
517,2,2,2,Y,0.9999986886978149,11.45989990234375,0.031191533455272445
518,2,2,2,Y,0.9999996423721313,10.477998733520508,0.15644279115199577
519,2,2,2,Y,0.9999986886978149,11.45989990234375,0.031191533455272445
520,2,2,2,Y,0.9999996423721313,10.477998733520508,0.15644279115199577
521,0,0,0,Y,0.8218188285827637,6.542901039123535,0.05478998803212823
522,0,0,0,Y,0.9999345541000366,5.855344295501709,0.133715981787255
523,0,0,0,Y,0.9999555349349976,7.087649345397949,0.20414247236788804
524,0,0,0,Y,0.9999555349349976,7.087649345397949,0.20414247236788804
525,0,0,0,Y,0.9999555349349976,7.087649345397949,0.20414247236788804
526,0,0,0,N,0.999607503414154,6.34306001663208,0.0
527,0,0,0,Y,0.8218188285827637,6.542901039123535,0.05478998803212823
528,0,0,0,Y,0.8218188285827637,6.542901039123535,0.05478998803212823
529,0,0,0,Y,0.8218188285827637,6.542901039123535,0.05478998803212823
530,0,0,0,Y,0.8218188285827637,6.542901039123535,0.05478998803212823
531,0,0,0,Y,0.8218188285827637,6.542901039123535,0.05478998803212823
532,0,0,0,Y,0.8218188285827637,6.542901039123535,0.05478998803212823
533,0,0,0,N,0.999607503414154,6.34306001663208,0.0
534,0,0,0,N,0.999607503414154,6.34306001663208,0.0
535,0,0,0,N,0.999607503414154,6.34306001663208,0.0
536,0,0,0,N,0.999607503414154,6.34306001663208,0.0
537,0,0,0,N,0.999607503414154,6.34306001663208,0.0
538,0,0,0,N,0.999607503414154,6.34306001663208,0.0
539,0,0,0,N,0.999607503414154,6.34306001663208,0.0
540,0,0,0,N,0.999607503414154,6.34306001663208,0.0
541,0,0,0,N,0.999607503414154,6.34306001663208,0.0
542,0,0,0,Y,0.8218188285827637,6.542901039123535,0.05478998803212823
543,0,0,0,Y,0.8218188285827637,6.542901039123535,0.05478998803212823
544,0,0,0,Y,0.8218188285827637,6.542901039123535,0.05478998803212823
545,0,0,0,Y,0.8218188285827637,6.542901039123535,0.05478998803212823
546,0,0,0,Y,0.8218188285827637,6.542901039123535,0.05478998803212823
547,0,0,0,Y,0.8218188285827637,6.542901039123535,0.05478998803212823
548,0,0,0,N,0.999607503414154,6.34306001663208,0.0
549,0,0,0,Y,0.9999555349349976,7.087649345397949,0.20414247236788804
550,0,0,0,Y,0.9999345541000366,5.855344295501709,0.133715981787255
551,0,0,0,Y,0.8218188285827637,6.542901039123535,0.05478998803212823
552,0,0,0,Y,0.8218188285827637,6.542901039123535,0.05478998803212823
553,0,0,0,Y,0.8218188285827637,6.542901039123535,0.05478998803212823
554,0,0,0,Y,0.8218188285827637,6.542901039123535,0.05478998803212823
555,0,0,0,Y,0.8218188285827637,6.542901039123535,0.05478998803212823
556,0,0,0,N,0.999607503414154,6.34306001663208,0.0
557,0,0,0,N,0.999607503414154,6.34306001663208,0.0
558,0,0,0,Y,0.8218188285827637,6.542901039123535,0.05478998803212823
559,0,0,0,Y,0.8218188285827637,6.542901039123535,0.05478998803212823
560,0,0,0,N,0.999607503414154,6.34306001663208,0.0
561,0,0,0,Y,0.9999555349349976,7.087649345397949,0.20414247236788804
562,0,0,0,Y,0.9999555349349976,7.087649345397949,0.20414247236788804
563,0,0,0,Y,0.9999345541000366,5.855344295501709,0.133715981787255
564,0,0,4,Y,0.8353753089904785,10.309048652648926,0.07986627760540964
565,0,0,0,Y,0.9726502895355225,5.9379963874816895,0.11105543354768059
566,0,0,0,N,0.999607503414154,6.34306001663208,0.0
567,0,0,0,Y,0.9999345541000366,5.855344295501709,0.133715981787255
568,0,0,0,N,0.999607503414154,6.34306001663208,0.0
569,0,0,0,Y,0.9999555349349976,7.087649345397949,0.20414247236788804
570,0,0,0,N,0.999607503414154,6.34306001663208,0.0
571,0,0,0,N,0.999607503414154,6.34306001663208,0.0
572,0,0,0,N,0.999607503414154,6.34306001663208,0.0
573,0,0,0,Y,0.9999345541000366,5.855344295501709,0.133715981787255
574,0,0,0,Y,0.9999345541000366,5.855344295501709,0.133715981787255
575,0,0,0,Y,0.9999345541000366,5.855344295501709,0.133715981787255
576,0,0,4,Y,0.8353753089904785,10.309048652648926,0.07986627760540964
577,0,0,4,Y,0.8353753089904785,10.309048652648926,0.07986627760540964
578,0,0,4,Y,0.8353753089904785,10.309048652648926,0.07986627760540964
579,0,0,0,N,0.999607503414154,6.34306001663208,0.0
580,0,0,0,N,0.999607503414154,6.34306001663208,0.0
581,0,0,4,Y,0.8353753089904785,10.309048652648926,0.07986627760540964
582,0,0,4,Y,0.8353753089904785,10.309048652648926,0.07986627760540964
583,0,0,0,Y,0.9999555349349976,7.087649345397949,0.20414247236788804
584,0,0,0,N,0.999607503414154,6.34306001663208,0.0
585,0,0,4,Y,0.8353753089904785,10.309048652648926,0.07986627760540964
586,0,0,4,Y,0.8353753089904785,10.309048652648926,0.07986627760540964
587,2,2,2,Y,0.9999921321868896,15.827251434326172,0.8657613262666267
588,0,0,0,N,0.999607503414154,6.34306001663208,0.0
589,0,0,0,N,0.999607503414154,6.34306001663208,0.0
590,0,0,0,Y,0.9999555349349976,7.087649345397949,0.20414247236788804
591,0,0,0,Y,0.9999555349349976,7.087649345397949,0.20414247236788804
592,0,0,0,Y,0.9999555349349976,7.087649345397949,0.20414247236788804
593,0,0,0,Y,0.9999555349349976,7.087649345397949,0.20414247236788804
594,0,0,0,Y,0.9999555349349976,7.087649345397949,0.20414247236788804
595,0,0,0,Y,0.9999555349349976,7.087649345397949,0.20414247236788804
596,0,0,0,Y,0.9999555349349976,7.087649345397949,0.20414247236788804
597,0,0,0,Y,0.9999555349349976,7.087649345397949,0.20414247236788804
598,0,0,0,Y,0.9999345541000366,5.855344295501709,0.133715981787255
599,0,0,0,Y,0.9999555349349976,7.087649345397949,0.20414247236788804
600,0,0,0,Y,0.9999555349349976,7.087649345397949,0.20414247236788804
601,0,0,0,Y,0.9999555349349976,7.087649345397949,0.20414247236788804
602,2,2,2,Y,0.9999996423721313,10.477998733520508,0.15644279115199577
603,2,2,2,Y,0.9999959468841553,12.719767570495605,0.27194327763693366
604,0,0,4,Y,0.8353753089904785,10.309048652648926,0.07986627760540964
605,0,0,0,Y,0.9999555349349976,7.087649345397949,0.20414247236788804
606,0,0,4,Y,0.8353753089904785,10.309048652648926,0.07986627760540964
607,0,0,4,Y,0.8353753089904785,10.309048652648926,0.07986627760540964
608,0,0,4,Y,0.8353753089904785,10.309048652648926,0.07986627760540964
609,0,0,0,Y,0.9999555349349976,7.087649345397949,0.20414247236788804
610,0,0,0,Y,0.9999555349349976,7.087649345397949,0.20414247236788804
611,0,0,0,Y,0.9999555349349976,7.087649345397949,0.20414247236788804
612,0,0,0,Y,0.9999555349349976,7.087649345397949,0.20414247236788804
613,0,0,0,Y,0.9999555349349976,7.087649345397949,0.20414247236788804
614,0,0,4,Y,0.8353753089904785,10.309048652648926,0.07986627760540964
615,0,0,0,N,0.999607503414154,6.34306001663208,0.0
616,0,0,0,N,0.999607503414154,6.34306001663208,0.0
617,0,0,4,Y,0.8353753089904785,10.309048652648926,0.07986627760540964
618,0,0,4,Y,0.8353753089904785,10.309048652648926,0.07986627760540964
619,0,0,4,Y,0.8353753089904785,10.309048652648926,0.07986627760540964
620,0,0,0,N,0.999607503414154,6.34306001663208,0.0
621,0,0,0,N,0.999607503414154,6.34306001663208,0.0
622,0,0,0,N,0.999607503414154,6.34306001663208,0.0
623,0,0,0,Y,0.9999555349349976,7.087649345397949,0.20414247236788804
624,0,0,0,Y,0.9999555349349976,7.087649345397949,0.20414247236788804
625,0,0,0,Y,0.9999555349349976,7.087649345397949,0.20414247236788804
626,0,0,0,Y,0.9999345541000366,5.855344295501709,0.133715981787255
627,0,0,0,Y,0.8218188285827637,6.542901039123535,0.05478998803212823
628,0,0,0,Y,0.9999555349349976,7.087649345397949,0.20414247236788804
629,0,0,0,Y,0.9999555349349976,7.087649345397949,0.20414247236788804
630,0,0,0,Y,0.9926835894584656,3.0816843509674072,0.8941644286156624
631,2,2,2,Y,0.9994080066680908,16.627378463745117,1.0186599066247377
632,7,4,4,Y,0.5850083827972412,7.75851583480835,0.7328307442203
633,7,4,4,Y,0.6853354573249817,6.982320308685303,0.7224427943345144
634,7,0,0,Y,0.9851787686347961,5.797053813934326,0.1496973591223337
635,7,0,0,Y,0.9851787686347961,5.797053813934326,0.1496973591223337
636,7,0,0,Y,0.6531469821929932,7.027048110961914,0.1875275608342737
637,7,4,4,Y,0.5843685865402222,7.051478385925293,0.5101947136869572
638,7,0,0,Y,0.9516265392303467,6.141408443450928,0.05528638286329617
639,7,4,4,Y,0.5508028268814087,7.894493579864502,0.7649378981583318
640,7,4,4,Y,0.5508028268814087,7.894493579864502,0.7649378981583318
641,7,4,4,Y,0.5508028268814087,7.894493579864502,0.7649378981583318
642,7,0,0,Y,0.4855862855911255,7.07460355758667,0.20056573647483467
643,7,0,0,Y,0.9405438303947449,5.762967109680176,0.15904283831802513
644,7,0,4,Y,0.54237300157547,8.453550338745117,0.32323645397892803
645,7,4,4,Y,0.6853354573249817,6.982320308685303,0.7224427943345144
646,7,0,0,Y,0.9405438303947449,5.762967109680176,0.15904283831802513
647,7,0,0,Y,0.9551341533660889,5.881136894226074,0.12664447986133845
648,7,4,4,Y,0.5508028268814087,7.894493579864502,0.7649378981583318
649,7,4,4,Y,0.5508028268814087,7.894493579864502,0.7649378981583318
650,7,4,4,Y,0.5508028268814087,7.894493579864502,0.7649378981583318
651,7,4,4,Y,0.5508028268814087,7.894493579864502,0.7649378981583318
652,7,4,4,Y,0.6853354573249817,6.982320308685303,0.7224427943345144
653,7,0,4,Y,0.3036326766014099,7.9377241134643555,0.13276272737011083
654,7,0,0,Y,0.9851787686347961,5.797053813934326,0.1496973591223337
655,7,0,0,Y,0.9851787686347961,5.797053813934326,0.1496973591223337
656,7,0,0,Y,0.6770115494728088,7.4035964012146,0.2907650045745605
657,7,0,0,Y,0.9405438303947449,5.762967109680176,0.15904283831802513
658,7,4,4,Y,0.5508028268814087,7.894493579864502,0.7649378981583318
659,7,0,0,Y,0.43938881158828735,7.851596355438232,0.4135921990328774
660,7,4,4,Y,0.5508028268814087,7.894493579864502,0.7649378981583318
661,7,0,4,Y,0.38180455565452576,8.319497108459473,0.26999548074953156
662,7,0,4,Y,0.38180455565452576,8.319497108459473,0.26999548074953156
663,7,0,0,Y,0.9851787686347961,5.797053813934326,0.1496973591223337
664,7,4,4,Y,0.6853354573249817,6.982320308685303,0.7224427943345144
665,7,0,0,Y,0.9516265392303467,6.141408443450928,0.05528638286329617
666,7,4,0,Y,0.6150476336479187,7.674612045288086,0.3650687872022778
667,7,0,4,Y,0.30304163694381714,9.622895240783691,0.7911976013660057
668,7,0,0,Y,0.9405438303947449,5.762967109680176,0.15904283831802513
669,7,4,4,Y,0.6853354573249817,6.982320308685303,0.7224427943345144
670,7,4,0,Y,0.4046374261379242,7.4620208740234375,0.3067831180032811
671,7,0,0,Y,0.9516265392303467,6.141408443450928,0.05528638286329617
672,7,0,4,Y,0.3036326766014099,7.9377241134643555,0.13276272737011083
673,7,0,0,Y,0.9851787686347961,5.797053813934326,0.1496973591223337
674,7,0,0,Y,0.6770115494728088,7.4035964012146,0.2907650045745605
675,7,0,4,Y,0.3036326766014099,7.9377241134643555,0.13276272737011083
676,7,0,0,Y,0.9516265392303467,6.141408443450928,0.05528638286329617
677,7,0,0,Y,0.6770115494728088,7.4035964012146,0.2907650045745605
678,7,4,4,Y,0.5508028268814087,7.894493579864502,0.7649378981583318
679,7,0,0,Y,0.4855862855911255,7.07460355758667,0.20056573647483467
680,7,4,4,Y,0.5508028268814087,7.894493579864502,0.7649378981583318
681,7,0,0,Y,0.3947129249572754,7.939886569976807,0.4377985393408558
682,7,0,0,Y,0.9551341533660889,5.881136894226074,0.12664447986133845
683,7,0,0,Y,0.9516265392303467,6.141408443450928,0.05528638286329617
684,7,0,0,Y,0.9405438303947449,5.762967109680176,0.15904283831802513
685,7,4,4,Y,0.6853354573249817,6.982320308685303,0.7224427943345144
686,7,4,4,Y,0.6853354573249817,6.982320308685303,0.7224427943345144
687,7,4,4,Y,0.6853354573249817,6.982320308685303,0.7224427943345144
688,7,4,4,Y,0.331116259098053,8.330556869506836,0.2893284074766144
689,7,4,4,Y,0.5463244318962097,9.08626651763916,0.377091102938478
690,7,0,0,Y,0.9405438303947449,5.762967109680176,0.15904283831802513
691,7,0,0,Y,0.4855862855911255,7.07460355758667,0.20056573647483467
692,7,4,4,Y,0.331116259098053,8.330556869506836,0.2893284074766144
693,7,0,0,Y,0.9551341533660889,5.881136894226074,0.12664447986133845
694,7,4,4,Y,0.6853354573249817,6.982320308685303,0.7224427943345144
695,7,4,4,Y,0.5508028268814087,7.894493579864502,0.7649378981583318
696,7,0,0,Y,0.9851787686347961,5.797053813934326,0.1496973591223337
697,7,4,4,Y,0.5547605752944946,7.795565605163574,0.5727044173180111
698,7,0,0,Y,0.9516265392303467,6.141408443450928,0.05528638286329617
699,7,0,0,Y,0.9516265392303467,6.141408443450928,0.05528638286329617
700,7,0,0,Y,0.9851787686347961,5.797053813934326,0.1496973591223337
701,7,0,0,Y,0.9880997538566589,7.2158684730529785,0.2392960378477152
702,7,0,0,Y,0.9516265392303467,6.141408443450928,0.05528638286329617
703,7,0,0,Y,0.9551341533660889,5.881136894226074,0.12664447986133845
704,7,0,0,Y,0.9516265392303467,6.141408443450928,0.05528638286329617
705,7,0,4,Y,0.3036326766014099,7.9377241134643555,0.13276272737011083
706,7,0,0,Y,0.9405438303947449,5.762967109680176,0.15904283831802513
707,7,4,4,Y,0.6853354573249817,6.982320308685303,0.7224427943345144
708,7,4,4,Y,0.5508028268814087,7.894493579864502,0.7649378981583318
709,7,4,4,Y,0.331116259098053,8.330556869506836,0.2893284074766144
710,7,4,4,Y,0.5508028268814087,7.894493579864502,0.7649378981583318
711,7,4,4,Y,0.5508028268814087,7.894493579864502,0.7649378981583318
712,7,4,4,Y,0.5508028268814087,7.894493579864502,0.7649378981583318
713,7,0,4,Y,0.5490535497665405,8.10498046875,0.3256560407726243
714,7,0,0,Y,0.9276651740074158,7.098796844482422,0.2071987584787767
715,7,4,4,Y,0.5263580083847046,8.472002029418945,0.4763496192658248
716,7,0,0,Y,0.9516265392303467,6.141408443450928,0.05528638286329617
717,7,4,4,Y,0.5508028268814087,7.894493579864502,0.7649378981583318
718,7,4,4,Y,0.5508028268814087,7.894493579864502,0.7649378981583318
719,7,0,4,Y,0.5490535497665405,8.10498046875,0.3256560407726243
720,7,4,4,Y,0.331116259098053,8.330556869506836,0.2893284074766144
721,7,0,0,Y,0.9276651740074158,7.098796844482422,0.2071987584787767
722,7,4,4,Y,0.6853354573249817,6.982320308685303,0.7224427943345144
723,7,4,4,Y,0.5843685865402222,7.051478385925293,0.5101947136869572
724,7,4,4,Y,0.5843685865402222,7.051478385925293,0.5101947136869572
725,7,0,0,Y,0.43938881158828735,7.851596355438232,0.4135921990328774
726,7,0,4,Y,0.54237300157547,8.453550338745117,0.32323645397892803
727,7,0,4,Y,0.5490535497665405,8.10498046875,0.3256560407726243
728,7,0,4,Y,0.5490535497665405,8.10498046875,0.3256560407726243
729,7,4,4,Y,0.6853354573249817,6.982320308685303,0.7224427943345144
730,7,4,4,Y,0.5508028268814087,7.894493579864502,0.7649378981583318
731,7,4,4,Y,0.4740692973136902,7.69608736038208,0.4921867783828294
732,7,0,4,Y,0.38180455565452576,8.319497108459473,0.26999548074953156
733,7,4,4,Y,0.5508028268814087,7.894493579864502,0.7649378981583318
734,7,4,4,Y,0.5508028268814087,7.894493579864502,0.7649378981583318
735,7,0,4,Y,0.54237300157547,8.453550338745117,0.32323645397892803
736,7,4,4,Y,0.5508028268814087,7.894493579864502,0.7649378981583318
737,7,0,0,Y,0.3947129249572754,7.939886569976807,0.4377985393408558
738,7,0,0,Y,0.9516265392303467,6.141408443450928,0.05528638286329617
739,7,4,4,Y,0.5843685865402222,7.051478385925293,0.5101947136869572
740,7,4,4,Y,0.5174047350883484,7.420780181884766,0.484210344820909
741,7,0,4,Y,0.54237300157547,8.453550338745117,0.32323645397892803
742,7,0,0,Y,0.6935477256774902,7.395548343658447,0.2885584857543202
743,7,0,0,Y,0.9516265392303467,6.141408443450928,0.05528638286329617
744,7,0,0,Y,0.9516265392303467,6.141408443450928,0.05528638286329617
745,7,4,4,Y,0.331116259098053,8.330556869506836,0.2893284074766144
746,7,0,0,Y,0.9851787686347961,5.797053813934326,0.1496973591223337
747,7,4,4,Y,0.5508028268814087,7.894493579864502,0.7649378981583318
748,7,0,0,Y,0.6935477256774902,7.395548343658447,0.2885584857543202
749,7,0,0,Y,0.6935477256774902,7.395548343658447,0.2885584857543202
750,7,0,0,Y,0.9551341533660889,5.881136894226074,0.12664447986133845
751,7,4,4,Y,0.5508028268814087,7.894493579864502,0.7649378981583318
752,7,4,4,Y,0.5508028268814087,7.894493579864502,0.7649378981583318
753,7,0,0,Y,0.9880997538566589,7.2158684730529785,0.2392960378477152
754,7,0,0,Y,0.4855862855911255,7.07460355758667,0.20056573647483467
755,7,4,4,Y,0.6853354573249817,6.982320308685303,0.7224427943345144
756,7,0,0,Y,0.43938881158828735,7.851596355438232,0.4135921990328774
757,7,0,0,Y,0.9516265392303467,6.141408443450928,0.05528638286329617
758,7,4,4,Y,0.5508028268814087,7.894493579864502,0.7649378981583318
759,7,4,4,Y,0.5508028268814087,7.894493579864502,0.7649378981583318
760,7,0,0,Y,0.9851787686347961,5.797053813934326,0.1496973591223337
761,7,4,4,Y,0.331116259098053,8.330556869506836,0.2893284074766144
762,7,0,0,Y,0.4855862855911255,7.07460355758667,0.20056573647483467
763,7,0,4,Y,0.5983708500862122,7.799185276031494,0.2542546768588245
764,7,0,4,Y,0.54237300157547,8.453550338745117,0.32323645397892803
765,7,4,4,Y,0.331116259098053,8.330556869506836,0.2893284074766144
766,7,4,4,Y,0.5508028268814087,7.894493579864502,0.7649378981583318
767,7,0,0,Y,0.43938881158828735,7.851596355438232,0.4135921990328774
768,7,0,4,Y,0.5490536093711853,8.10498046875,0.3256566831407996
769,7,0,4,Y,0.5490536093711853,8.10498046875,0.3256566831407996
770,7,0,0,Y,0.9405438303947449,5.762966632843018,0.15904296905145446
771,7,0,0,Y,0.9516265392303467,6.141406536102295,0.055286905797013494
772,7,0,0,Y,0.3947129249572754,7.939887523651123,0.43779880080771444
773,7,4,4,Y,0.5508028864860535,7.8944926261901855,0.7649376366914731
774,7,4,4,Y,0.5508028864860535,7.8944926261901855,0.7649376366914731
775,7,0,0,Y,0.9851786494255066,5.797053813934326,0.1496973591223337
776,7,0,0,Y,0.8491843342781067,6.732282638549805,0.10671233829189175
777,7,4,4,Y,0.5508028864860535,7.8944926261901855,0.7649376366914731
778,7,4,4,Y,0.5508028864860535,7.8944926261901855,0.7649376366914731
779,7,4,4,Y,0.5508028864860535,7.8944926261901855,0.7649376366914731
780,7,4,4,Y,0.5174046754837036,7.420781135559082,0.484210344820909
781,7,4,4,Y,0.6853353381156921,6.982320785522461,0.7224436508254148
782,7,4,4,Y,0.5508028864860535,7.8944926261901855,0.7649376366914731
783,7,0,0,Y,0.9551342725753784,5.8811354637146,0.12664487206162645
